Ward code,ward name,local authority code,local authority name,All Households,Occupancy rating: +2 or more,+1,0,-1,-2 or less,+2 or more_pct,+1_pct,0_pct,-1_pct,-2 or less_pct
E05009317,Bethnal Green,E09000030,Tower Hamlets,7378,614,1751,3576,1110,327,8.32,23.73,48.47,15.04,4.43
E05009318,Blackwall & Cubitt Town,E09000030,Tower Hamlets,9679,602,2471,5586,831,189,6.22,25.53,57.71,8.59,1.95
E05009319,Bow East,E09000030,Tower Hamlets,8405,505,2378,4541,815,166,6.01,28.29,54.03,9.7,1.98
E05009320,Bow West,E09000030,Tower Hamlets,5288,833,1372,2350,530,203,15.75,25.95,44.44,10.02,3.84
E05009321,Bromley North,E09000030,Tower Hamlets,4428,273,934,2356,668,197,6.17,21.09,53.21,15.09,4.45
E05009322,Bromley South,E09000030,Tower Hamlets,5136,295,990,2823,802,226,5.74,19.28,54.96,15.62,4.4
E05009323,Canary Wharf,E09000030,Tower Hamlets,8525,380,2076,5235,723,111,4.46,24.35,61.41,8.48,1.3
E05009324,Island Gardens,E09000030,Tower Hamlets,5984,625,1825,2841,566,127,10.44,30.5,47.48,9.46,2.12
E05009325,Lansbury,E09000030,Tower Hamlets,7533,563,1628,3735,1238,369,7.47,21.61,49.58,16.43,4.9
E05009326,Limehouse,E09000030,Tower Hamlets,2997,257,1024,1423,232,61,8.58,34.17,47.48,7.74,2.04
E05009327,Mile End,E09000030,Tower Hamlets,7835,561,1758,3983,1199,334,7.16,22.44,50.84,15.3,4.26
E05009328,Poplar,E09000030,Tower Hamlets,2830,225,564,1381,542,118,7.95,19.93,48.8,19.15,4.17
E05009329,St Dunstan's,E09000030,Tower Hamlets,4627,358,977,2249,761,282,7.74,21.12,48.61,16.45,6.09
E05009330,St Katharine's & Wapping,E09000030,Tower Hamlets,5801,531,1939,2927,328,76,9.15,33.43,50.46,5.65,1.31
E05009331,St Peter's,E09000030,Tower Hamlets,7494,540,1626,4128,902,298,7.21,21.7,55.08,12.04,3.98
E05009332,Shadwell,E09000030,Tower Hamlets,4390,312,879,2163,744,292,7.11,20.02,49.27,16.95,6.65
E05009333,Spitalfields & Banglatown,E09000030,Tower Hamlets,5004,369,1154,2674,583,224,7.37,23.06,53.44,11.65,4.48
E05009334,Stepney Green,E09000030,Tower Hamlets,4367,382,919,2065,760,241,8.75,21.04,47.29,17.4,5.52
E05009335,Weavers,E09000030,Tower Hamlets,5422,392,1327,2921,619,163,7.23,24.47,53.87,11.42,3.01
E05009336,Whitechapel,E09000030,Tower Hamlets,7355,404,1569,4204,943,235,5.49,21.33,57.16,12.82,3.2
E05009367,Brownswood,E09000012,Hackney,4088,413,1046,2225,348,56,10.1,25.59,54.43,8.51,1.37
E05009368,Cazenove,E09000012,Hackney,5166,676,1091,2520,704,175,13.09,21.12,48.78,13.63,3.39
E05009369,Clissold,E09000012,Hackney,5429,844,1476,2613,427,69,15.55,27.19,48.13,7.87,1.27
E05009370,Dalston,E09000012,Hackney,4046,431,959,2309,286,61,10.65,23.7,57.07,7.07,1.51
E05009371,De Beauvoir,E09000012,Hackney,4004,540,1148,1912,343,61,13.49,28.67,47.75,8.57,1.52
E05009372,Hackney Central,E09000012,Hackney,5771,450,1305,3338,577,101,7.8,22.61,57.84,10.0,1.75
E05009373,Hackney Downs,E09000012,Hackney,5376,660,1214,2755,576,171,12.28,22.58,51.25,10.71,3.18
E05009374,Hackney Wick,E09000012,Hackney,4960,618,1222,2442,561,117,12.46,24.64,49.23,11.31,2.36
E05009375,Haggerston,E09000012,Hackney,6266,535,1606,3360,645,120,8.54,25.63,53.62,10.29,1.92
E05009376,Homerton,E09000012,Hackney,5228,446,1168,2800,674,140,8.53,22.34,53.56,12.89,2.68
E05009377,Hoxton East & Shoreditch,E09000012,Hackney,5540,344,1478,3075,557,86,6.21,26.68,55.51,10.05,1.55
E05009378,Hoxton West,E09000012,Hackney,6324,482,1594,3547,605,96,7.62,25.21,56.09,9.57,1.52
E05009379,King's Park,E09000012,Hackney,5035,811,1194,2310,551,169,16.11,23.71,45.88,10.94,3.36
E05009380,Lea Bridge,E09000012,Hackney,5493,896,1275,2614,566,142,16.31,23.21,47.59,10.3,2.59
E05009381,London Fields,E09000012,Hackney,5427,712,1420,2762,449,84,13.12,26.17,50.89,8.27,1.55
E05009382,Shacklewell,E09000012,Hackney,3640,358,956,1831,392,103,9.84,26.26,50.3,10.77,2.83
E05009383,Springfield,E09000012,Hackney,5233,820,967,2450,781,215,15.67,18.48,46.82,14.92,4.11
E05009384,Stamford Hill West,E09000012,Hackney,3255,527,636,1478,495,119,16.19,19.54,45.41,15.21,3.66
E05009385,Stoke Newington,E09000012,Hackney,5656,1026,1440,2665,444,81,18.14,25.46,47.12,7.85,1.43
E05009386,Victoria,E09000012,Hackney,5231,599,1425,2583,518,106,11.45,27.24,49.38,9.9,2.03
E05009387,Woodberry Down,E09000012,Hackney,5000,423,1202,2633,587,155,8.46,24.04,52.66,11.74,3.1
E05009388,Abingdon,E09000020,Kensington and Chelsea,3896,781,1275,1586,190,64,20.05,32.73,40.71,4.88,1.64
E05009389,Brompton & Hans Town,E09000020,Kensington and Chelsea,4174,866,1337,1811,125,35,20.75,32.03,43.39,2.99,0.84
E05009390,Campden,E09000020,Kensington and Chelsea,3827,968,1232,1431,165,31,25.29,32.19,37.39,4.31,0.81
E05009391,Chelsea Riverside,E09000020,Kensington and Chelsea,3681,569,1025,1749,295,43,15.46,27.85,47.51,8.01,1.17
E05009392,Colville,E09000020,Kensington and Chelsea,4340,398,1120,2381,335,106,9.17,25.81,54.86,7.72,2.44
E05009393,Courtfield,E09000020,Kensington and Chelsea,4125,653,1364,1941,132,35,15.83,33.07,47.05,3.2,0.85
E05009394,Dalgarno,E09000020,Kensington and Chelsea,2714,342,629,1270,352,121,12.6,23.18,46.79,12.97,4.46
E05009395,Earl's Court,E09000020,Kensington and Chelsea,4669,378,1282,2688,237,84,8.1,27.46,57.57,5.08,1.8
E05009396,Golborne,E09000020,Kensington and Chelsea,3830,252,779,2170,461,168,6.58,20.34,56.66,12.04,4.39
E05009397,Holland,E09000020,Kensington and Chelsea,3891,707,1235,1574,272,103,18.17,31.74,40.45,6.99,2.65
E05009398,Norland,E09000020,Kensington and Chelsea,2585,646,706,1120,100,13,24.99,27.31,43.33,3.87,0.5
E05009399,Notting Dale,E09000020,Kensington and Chelsea,3757,387,789,1956,407,218,10.3,21.0,52.06,10.83,5.8
E05009400,Pembridge,E09000020,Kensington and Chelsea,2666,384,778,1372,118,14,14.4,29.18,51.46,4.43,0.53
E05009401,Queen's Gate,E09000020,Kensington and Chelsea,3571,771,1226,1391,122,61,21.59,34.33,38.95,3.42,1.71
E05009402,Redcliffe,E09000020,Kensington and Chelsea,4387,692,1446,2040,196,13,15.77,32.96,46.5,4.47,0.3
E05009403,Royal Hospital,E09000020,Kensington and Chelsea,3915,849,1179,1662,150,75,21.69,30.11,42.45,3.83,1.92
E05009404,St Helen's,E09000020,Kensington and Chelsea,2800,409,730,1362,224,75,14.61,26.07,48.64,8.0,2.68
E05009405,Stanley,E09000020,Kensington and Chelsea,4056,842,1163,1763,228,60,20.76,28.67,43.47,5.62,1.48
E05011095,Borough & Bankside,E09000028,Southwark,4259,319,1237,2391,260,52,7.49,29.04,56.14,6.1,1.22
E05011096,Camberwell Green,E09000028,Southwark,6691,630,1570,3486,773,232,9.42,23.46,52.1,11.55,3.47
E05011097,Champion Hill,E09000028,Southwark,3929,649,1127,1687,360,106,16.52,28.68,42.94,9.16,2.7
E05011098,Chaucer,E09000028,Southwark,6227,374,1650,3331,699,173,6.01,26.5,53.49,11.23,2.78
E05011099,Dulwich Hill,E09000028,Southwark,3920,1107,1224,1363,187,39,28.24,31.22,34.77,4.77,0.99
E05011100,Dulwich Village,E09000028,Southwark,3720,1961,880,737,124,18,52.72,23.66,19.81,3.33,0.48
E05011101,Dulwich Wood,E09000028,Southwark,4214,1185,1152,1464,352,61,28.12,27.34,34.74,8.35,1.45
E05011102,Faraday,E09000028,Southwark,4794,422,1102,2249,754,267,8.8,22.99,46.91,15.73,5.57
E05011103,Goose Green,E09000028,Southwark,5956,1491,1752,2384,270,59,25.03,29.42,40.03,4.53,0.99
E05011104,London Bridge & West Bermondsey,E09000028,Southwark,7139,464,2004,3999,551,121,6.5,28.07,56.02,7.72,1.69
E05011105,Newington,E09000028,Southwark,6022,695,1427,3064,656,180,11.54,23.7,50.88,10.89,2.99
E05011106,North Bermondsey,E09000028,Southwark,7246,566,2077,3879,629,95,7.81,28.66,53.53,8.68,1.31
E05011107,North Walworth,E09000028,Southwark,7089,448,1678,4018,784,161,6.32,23.67,56.68,11.06,2.27
E05011108,Nunhead & Queen's Road,E09000028,Southwark,6700,861,1604,3291,736,208,12.85,23.94,49.12,10.99,3.1
E05011109,Old Kent Road,E09000028,Southwark,7223,688,1647,3548,988,352,9.53,22.8,49.12,13.68,4.87
E05011110,Peckham,E09000028,Southwark,5780,577,1339,2733,846,285,9.98,23.17,47.28,14.64,4.93
E05011111,Peckham Rye,E09000028,Southwark,4020,894,1247,1483,331,65,22.24,31.02,36.89,8.23,1.62
E05011112,Rotherhithe,E09000028,Southwark,6839,691,1797,3562,646,143,10.1,26.28,52.08,9.45,2.09
E05011113,Rye Lane,E09000028,Southwark,6152,1052,1562,2862,559,117,17.1,25.39,46.52,9.09,1.9
E05011114,St George's,E09000028,Southwark,3512,337,906,1937,276,56,9.6,25.8,55.15,7.86,1.59
E05011115,St Giles,E09000028,Southwark,6633,974,1557,3118,767,217,14.68,23.47,47.01,11.56,3.27
E05011116,South Bermondsey,E09000028,Southwark,6876,666,1543,3631,844,192,9.69,22.44,52.81,12.27,2.79
E05011117,Surrey Docks,E09000028,Southwark,5940,739,1910,2889,354,48,12.44,32.15,48.64,5.96,0.81
E05011217,Barnehurst,E09000004,Bexley,4413,1440,1550,1189,205,29,32.63,35.12,26.94,4.65,0.66
E05011218,Belvedere,E09000004,Bexley,6759,1310,2204,2562,560,123,19.38,32.61,37.91,8.29,1.82
E05011219,Bexleyheath,E09000004,Bexley,6427,2390,2229,1565,217,26,37.19,34.68,24.35,3.38,0.4
E05011220,Blackfen & Lamorbey,E09000004,Bexley,6223,2541,2202,1311,144,25,40.83,35.38,21.07,2.31,0.4
E05011221,Blendon & Penhill,E09000004,Bexley,5960,2398,2238,1128,165,31,40.23,37.55,18.93,2.77,0.52
E05011222,Crayford,E09000004,Bexley,6406,1672,2125,2223,346,40,26.1,33.17,34.7,5.4,0.62
E05011223,Crook Log,E09000004,Bexley,6186,2440,2200,1345,176,25,39.44,35.56,21.74,2.85,0.4
E05011224,East Wickham,E09000004,Bexley,6020,2281,1952,1443,284,60,37.89,32.43,23.97,4.72,1.0
E05011225,Erith,E09000004,Bexley,5034,820,1503,2177,458,76,16.29,29.86,43.25,9.1,1.51
E05011226,Falconwood & Welling,E09000004,Bexley,6203,2105,2317,1474,273,34,33.94,37.35,23.76,4.4,0.55
E05011227,Longlands,E09000004,Bexley,4205,1471,1471,1122,123,18,34.98,34.98,26.68,2.93,0.43
E05011228,Northumberland Heath,E09000004,Bexley,4054,1331,1375,1107,201,40,32.83,33.92,27.31,4.96,0.99
E05011229,St Mary's & St James,E09000004,Bexley,4384,1922,1427,888,132,15,43.84,32.55,20.26,3.01,0.34
E05011230,Sidcup,E09000004,Bexley,6702,1969,2146,2302,250,35,29.38,32.02,34.35,3.73,0.52
E05011231,Slade Green & Northend,E09000004,Bexley,4726,863,1343,1917,511,92,18.26,28.42,40.56,10.81,1.95
E05011232,Thamesmead East,E09000004,Bexley,5707,992,1324,2504,711,176,17.38,23.2,43.88,12.46,3.08
E05011233,West Heath,E09000004,Bexley,5869,2495,2038,1103,194,39,42.51,34.72,18.79,3.31,0.66
E05011234,Aldborough,E09000026,Redbridge,5026,1332,1406,1659,496,133,26.5,27.97,33.01,9.87,2.65
E05011235,Barkingside,E09000026,Redbridge,4846,1615,1305,1370,453,103,33.33,26.93,28.27,9.35,2.13
E05011236,Bridge,E09000026,Redbridge,5253,1752,1770,1381,288,62,33.35,33.7,26.29,5.48,1.18
E05011237,Chadwell,E09000026,Redbridge,5425,1217,1575,1903,599,131,22.43,29.03,35.08,11.04,2.41
E05011238,Churchfields,E09000026,Redbridge,6175,1863,1670,2103,455,84,30.17,27.04,34.06,7.37,1.36
E05011239,Clayhall,E09000026,Redbridge,4011,1524,1075,981,323,108,38.0,26.8,24.46,8.05,2.69
E05011240,Clementswood,E09000026,Redbridge,3776,865,823,1242,609,237,22.91,21.8,32.89,16.13,6.28
E05011241,Cranbrook,E09000026,Redbridge,3983,1322,913,1182,457,109,33.19,22.92,29.68,11.47,2.74
E05011242,Fairlop,E09000026,Redbridge,5269,1544,1517,1682,422,104,29.3,28.79,31.92,8.01,1.97
E05011243,Fullwell,E09000026,Redbridge,5391,1647,1688,1532,432,92,30.55,31.31,28.42,8.01,1.71
E05011244,Goodmayes,E09000026,Redbridge,4671,1070,1014,1685,727,175,22.91,21.71,36.07,15.56,3.75
E05011245,Hainault,E09000026,Redbridge,5757,1256,1789,2011,566,135,21.82,31.08,34.93,9.83,2.34
E05011246,Ilford Town,E09000026,Redbridge,4048,334,692,1924,906,192,8.25,17.09,47.53,22.38,4.74
E05011247,Loxford,E09000026,Redbridge,4526,583,956,1900,857,230,12.88,21.12,41.98,18.94,5.08
E05011248,Mayfield,E09000026,Redbridge,4350,1231,1163,1320,483,153,28.3,26.74,30.34,11.1,3.52
E05011249,Monkhams,E09000026,Redbridge,3724,1841,1122,629,115,17,49.44,30.13,16.89,3.09,0.46
E05011250,Newbury,E09000026,Redbridge,4284,1067,1053,1434,580,150,24.91,24.58,33.47,13.54,3.5
E05011251,Seven Kings,E09000026,Redbridge,4622,1184,1059,1567,648,164,25.62,22.91,33.9,14.02,3.55
E05011252,South Woodford,E09000026,Redbridge,5031,1740,1461,1521,267,42,34.59,29.04,30.23,5.31,0.83
E05011253,Valentines,E09000026,Redbridge,4834,1091,920,1742,864,217,22.57,19.03,36.04,17.87,4.49
E05011254,Wanstead Park,E09000026,Redbridge,3081,1367,816,712,151,35,44.37,26.48,23.11,4.9,1.14
E05011255,Wanstead Village,E09000026,Redbridge,5695,1785,1803,1847,217,43,31.34,31.66,32.43,3.81,0.76
E05011462,Addiscombe East,E09000008,Croydon,4782,1544,1326,1513,317,82,32.29,27.73,31.64,6.63,1.71
E05011463,Addiscombe West,E09000008,Croydon,6607,1053,1849,2975,609,121,15.94,27.99,45.03,9.22,1.83
E05011464,Bensham Manor,E09000008,Croydon,6090,1355,1637,2208,717,173,22.25,26.88,36.26,11.77,2.84
E05011465,Broad Green,E09000008,Croydon,7277,932,1685,3341,1084,235,12.81,23.16,45.91,14.9,3.23
E05011466,Coulsdon Town,E09000008,Croydon,5683,2569,1702,1184,203,25,45.2,29.95,20.83,3.57,0.44
E05011467,Crystal Palace & Upper Norwood,E09000008,Croydon,7186,1491,2201,2926,497,71,20.75,30.63,40.72,6.92,0.99
E05011468,Fairfield,E09000008,Croydon,7540,324,1633,4519,944,120,4.3,21.66,59.93,12.52,1.59
E05011469,Kenley,E09000008,Croydon,3930,1810,1189,777,133,21,46.06,30.25,19.77,3.38,0.53
E05011470,New Addington North,E09000008,Croydon,3701,655,865,1567,509,105,17.7,23.37,42.34,13.75,2.84
E05011471,New Addington South,E09000008,Croydon,4001,887,1217,1436,391,70,22.17,30.42,35.89,9.77,1.75
E05011472,Norbury & Pollards Hill,E09000008,Croydon,4591,1276,1174,1499,536,106,27.79,25.57,32.65,11.68,2.31
E05011473,Norbury Park,E09000008,Croydon,3596,1453,933,882,267,61,40.41,25.95,24.53,7.42,1.7
E05011474,Old Coulsdon,E09000008,Croydon,3829,1740,1212,750,115,12,45.44,31.65,19.59,3.0,0.31
E05011475,Park Hill & Whitgift,E09000008,Croydon,2397,768,590,846,167,26,32.04,24.61,35.29,6.97,1.08
E05011476,Purley & Woodcote,E09000008,Croydon,6412,2627,1667,1776,298,44,40.97,26.0,27.7,4.65,0.69
E05011477,Purley Oaks & Riddlesdown,E09000008,Croydon,4087,1628,1186,1049,193,31,39.83,29.02,25.67,4.72,0.76
E05011478,Sanderstead,E09000008,Croydon,5894,3136,1676,901,152,29,53.21,28.44,15.29,2.58,0.49
E05011479,Selhurst,E09000008,Croydon,5150,636,1247,2425,726,116,12.35,24.21,47.09,14.1,2.25
E05011480,Selsdon & Addington Village,E09000008,Croydon,3843,1832,1090,734,153,34,47.67,28.36,19.1,3.98,0.88
E05011481,Selsdon Vale & Forestdale,E09000008,Croydon,4108,1450,1227,1234,174,23,35.3,29.87,30.04,4.24,0.56
E05011482,Shirley North,E09000008,Croydon,6000,2093,1991,1549,312,55,34.88,33.18,25.82,5.2,0.92
E05011483,Shirley South,E09000008,Croydon,3910,1648,1056,860,284,62,42.15,27.01,21.99,7.26,1.59
E05011484,South Croydon,E09000008,Croydon,7461,1506,2189,3085,605,76,20.18,29.34,41.35,8.11,1.02
E05011485,South Norwood,E09000008,Croydon,7129,1058,1702,3429,820,120,14.84,23.87,48.1,11.5,1.68
E05011486,Thornton Heath,E09000008,Croydon,7038,1360,1933,2854,735,156,19.32,27.47,40.55,10.44,2.22
E05011487,Waddon,E09000008,Croydon,7293,1101,2006,3232,833,121,15.1,27.51,44.32,11.42,1.66
E05011488,West Thornton,E09000008,Croydon,6480,1191,1540,2551,960,238,18.38,23.77,39.37,14.81,3.67
E05011489,Woodside,E09000008,Croydon,6906,1286,2073,2781,660,106,18.62,30.02,40.27,9.56,1.53
E05013496,Alperton,E09000005,Brent,4483,620,952,1724,762,425,13.83,21.24,38.46,17.0,9.48
E05013497,Barnhill,E09000005,Brent,3764,880,877,1323,526,158,23.38,23.3,35.15,13.97,4.2
E05013498,Brondesbury Park,E09000005,Brent,5562,1215,1370,2396,459,122,21.84,24.63,43.08,8.25,2.19
E05013499,Cricklewood & Mapesbury,E09000005,Brent,5658,995,1267,2608,632,156,17.59,22.39,46.09,11.17,2.76
E05013500,Dollis Hill,E09000005,Brent,7243,1623,1488,2870,970,292,22.41,20.54,39.62,13.39,4.03
E05013501,Harlesden & Kensal Green,E09000005,Brent,8045,1190,1827,3802,1004,222,14.79,22.71,47.26,12.48,2.76
E05013502,Kenton,E09000005,Brent,5709,1935,1400,1641,553,180,33.89,24.52,28.74,9.69,3.15
E05013503,Kilburn,E09000005,Brent,7650,737,1780,4124,801,208,9.63,23.27,53.91,10.47,2.72
E05013504,Kingsbury,E09000005,Brent,3848,801,981,1443,493,130,20.82,25.49,37.5,12.81,3.38
E05013505,Northwick Park,E09000005,Brent,3785,1376,856,1077,366,110,36.35,22.62,28.45,9.67,2.91
E05013506,Preston,E09000005,Brent,3889,936,893,1300,540,220,24.07,22.96,33.43,13.89,5.66
E05013507,Queens Park,E09000005,Brent,7020,1601,2007,2787,498,127,22.81,28.59,39.7,7.09,1.81
E05013508,Queensbury,E09000005,Brent,5277,1370,1475,1582,614,236,25.96,27.95,29.98,11.64,4.47
E05013509,Roundwood,E09000005,Brent,6249,723,1288,3062,910,266,11.57,20.61,49.0,14.56,4.26
E05013510,Stonebridge,E09000005,Brent,7229,691,1474,3536,1184,344,9.56,20.39,48.91,16.38,4.76
E05013511,Sudbury,E09000005,Brent,4318,697,982,1651,709,279,16.14,22.74,38.24,16.42,6.46
E05013512,Tokyngton,E09000005,Brent,2812,792,705,796,314,205,28.17,25.07,28.31,11.17,7.29
E05013513,Welsh Harp,E09000005,Brent,6065,1375,1466,2168,787,269,22.67,24.17,35.75,12.98,4.44
E05013514,Wembley Central,E09000005,Brent,4930,827,975,1666,897,565,16.77,19.78,33.79,18.19,11.46
E05013515,Wembley Hill,E09000005,Brent,4785,919,981,1783,700,402,19.21,20.5,37.26,14.63,8.4
E05013516,Wembley Park,E09000005,Brent,2690,63,559,1704,326,38,2.34,20.78,63.35,12.12,1.41
E05013517,Willesden Green,E09000005,Brent,7628,1337,1733,3496,863,199,17.53,22.72,45.83,11.31,2.61
E05013518,Central Greenford,E09000009,Ealing,4900,1133,1299,1843,505,120,23.12,26.51,37.61,10.31,2.45
E05013519,Dormers Wells,E09000009,Ealing,4706,888,1053,1785,727,253,18.87,22.38,37.93,15.45,5.38
E05013520,Ealing Broadway,E09000009,Ealing,6335,1449,1627,2867,356,36,22.87,25.68,45.26,5.62,0.57
E05013521,Ealing Common,E09000009,Ealing,6652,1853,1741,2531,439,88,27.86,26.17,38.05,6.6,1.32
E05013522,East Acton,E09000009,Ealing,6237,1230,1364,2832,665,146,19.72,21.87,45.41,10.66,2.34
E05013523,Greenford Broadway,E09000009,Ealing,6009,983,1599,2472,790,165,16.36,26.61,41.14,13.15,2.75
E05013524,Hanger Hill,E09000009,Ealing,6666,2004,1821,2291,457,93,30.06,27.32,34.37,6.86,1.4
E05013525,Hanwell Broadway,E09000009,Ealing,6130,1105,1571,2772,594,88,18.03,25.63,45.22,9.69,1.44
E05013526,Lady Margaret,E09000009,Ealing,4729,1101,1247,1531,584,266,23.28,26.37,32.37,12.35,5.62
E05013527,North Acton,E09000009,Ealing,6750,1416,1511,3062,625,136,20.98,22.39,45.36,9.26,2.01
E05013528,North Greenford,E09000009,Ealing,5420,1413,1399,1840,584,184,26.07,25.81,33.95,10.77,3.39
E05013529,North Hanwell,E09000009,Ealing,5466,1286,1479,2053,529,119,23.53,27.06,37.56,9.68,2.18
E05013530,Northfield,E09000009,Ealing,5662,2088,1615,1619,300,40,36.88,28.52,28.59,5.3,0.71
E05013531,Northolt Mandeville,E09000009,Ealing,6095,972,1664,2436,817,206,15.95,27.3,39.97,13.4,3.38
E05013532,Northolt West End,E09000009,Ealing,5613,748,1247,2494,921,203,13.33,22.22,44.43,16.41,3.62
E05013533,Norwood Green,E09000009,Ealing,4843,785,977,2090,735,256,16.21,20.17,43.16,15.18,5.29
E05013534,Perivale,E09000009,Ealing,5667,1471,1491,1983,577,145,25.96,26.31,34.99,10.18,2.56
E05013535,Pitshanger,E09000009,Ealing,5927,1753,1388,2186,490,110,29.58,23.42,36.88,8.27,1.86
E05013536,South Acton,E09000009,Ealing,7378,826,1757,3867,776,152,11.2,23.81,52.41,10.52,2.06
E05013537,Southall Broadway,E09000009,Ealing,2854,594,580,905,472,303,20.81,20.32,31.71,16.54,10.62
E05013538,Southall Green,E09000009,Ealing,4420,610,833,1627,914,436,13.8,18.85,36.81,20.68,9.86
E05013539,Southall West,E09000009,Ealing,1871,307,363,693,343,165,16.41,19.4,37.04,18.33,8.82
E05013540,Southfield,E09000009,Ealing,7199,2109,2114,2642,295,39,29.3,29.37,36.7,4.1,0.54
E05013541,Walpole,E09000009,Ealing,6148,1805,1624,2332,338,49,29.36,26.42,37.93,5.5,0.8
E05013542,Belmont,E09000015,Harrow,2919,1267,834,577,190,51,43.41,28.57,19.77,6.51,1.75
E05013543,Canons,E09000015,Harrow,3430,1368,930,849,219,64,39.88,27.11,24.75,6.38,1.87
E05013544,Centenary,E09000015,Harrow,4522,1384,1245,1313,417,163,30.61,27.53,29.04,9.22,3.6
E05013545,Edgware,E09000015,Harrow,4896,1127,1269,1598,646,256,23.02,25.92,32.64,13.19,5.23
E05013546,Greenhill,E09000015,Harrow,4647,562,1115,2338,544,88,12.09,23.99,50.31,11.71,1.89
E05013547,Harrow on the Hill,E09000015,Harrow,3946,840,1099,1526,395,86,21.29,27.85,38.67,10.01,2.18
E05013548,Harrow Weald,E09000015,Harrow,5091,1543,1369,1620,445,114,30.31,26.89,31.82,8.74,2.24
E05013549,Hatch End,E09000015,Harrow,3453,1509,890,790,184,80,43.7,25.77,22.88,5.33,2.32
E05013550,Headstone,E09000015,Harrow,5235,1804,1404,1554,399,74,34.46,26.82,29.68,7.62,1.41
E05013551,Kenton East,E09000015,Harrow,4481,1189,1196,1355,545,196,26.53,26.69,30.24,12.16,4.37
E05013552,Kenton West,E09000015,Harrow,2915,1198,825,598,206,88,41.1,28.3,20.51,7.07,3.02
E05013553,Marlborough,E09000015,Harrow,4001,775,944,1623,546,113,19.37,23.59,40.56,13.65,2.82
E05013554,North Harrow,E09000015,Harrow,3252,1176,824,921,248,83,36.16,25.34,28.32,7.63,2.55
E05013555,Pinner,E09000015,Harrow,5049,1999,1419,1276,300,55,39.59,28.1,25.27,5.94,1.09
E05013556,Pinner South,E09000015,Harrow,5368,2414,1580,1088,229,57,44.97,29.43,20.27,4.27,1.06
E05013557,Rayners Lane,E09000015,Harrow,3049,1017,921,792,243,76,33.36,30.21,25.98,7.97,2.49
E05013558,Roxbourne,E09000015,Harrow,3304,542,909,1304,425,124,16.4,27.51,39.47,12.86,3.75
E05013559,Roxeth,E09000015,Harrow,5298,1117,1382,1972,653,174,21.08,26.09,37.22,12.33,3.28
E05013560,Stanmore,E09000015,Harrow,5145,1705,1556,1378,373,133,33.14,30.24,26.78,7.25,2.59
E05013561,Wealdstone North,E09000015,Harrow,3365,645,886,1251,464,119,19.17,26.33,37.18,13.79,3.54
E05013562,Wealdstone South,E09000015,Harrow,2630,460,622,1020,386,142,17.49,23.65,38.78,14.68,5.4
E05013563,West Harrow,E09000015,Harrow,3622,882,953,1252,386,149,24.35,26.31,34.57,10.66,4.11
E05013564,Belmore,E09000017,Hillingdon,5092,1011,1383,1792,674,232,19.85,27.16,35.19,13.24,4.56
E05013565,Charville,E09000017,Hillingdon,3798,926,1095,1314,377,86,24.38,28.83,34.6,9.93,2.26
E05013566,Colham & Cowley,E09000017,Hillingdon,6645,1313,1825,2735,640,132,19.76,27.46,41.16,9.63,1.99
E05013567,Eastcote,E09000017,Hillingdon,6655,2430,2349,1595,238,43,36.51,35.3,23.97,3.58,0.65
E05013568,Harefield Village,E09000017,Hillingdon,2335,692,781,713,132,17,29.64,33.45,30.54,5.65,0.73
E05013569,Hayes Town,E09000017,Hillingdon,5054,680,1094,2191,822,267,13.45,21.65,43.35,16.26,5.28
E05013570,Heathrow Villages,E09000017,Hillingdon,4810,771,1031,1973,788,247,16.03,21.43,41.02,16.38,5.14
E05013571,Hillingdon East,E09000017,Hillingdon,5408,1644,1689,1554,426,95,30.4,31.23,28.74,7.88,1.76
E05013572,Hillingdon West,E09000017,Hillingdon,3785,1037,1082,1367,263,36,27.4,28.59,36.12,6.95,0.95
E05013573,Ickenham & South Harefield,E09000017,Hillingdon,6023,2518,1907,1375,198,25,41.81,31.66,22.83,3.29,0.42
E05013574,Northwood,E09000017,Hillingdon,4753,1703,1320,1500,202,28,35.83,27.77,31.56,4.25,0.59
E05013575,Northwood Hills,E09000017,Hillingdon,4543,1438,1359,1380,307,59,31.65,29.91,30.38,6.76,1.3
E05013576,Pinkwell,E09000017,Hillingdon,5153,981,1363,1832,721,256,19.04,26.45,35.55,13.99,4.97
E05013577,Ruislip,E09000017,Hillingdon,6256,2367,1975,1620,248,46,37.84,31.57,25.9,3.96,0.74
E05013578,Ruislip Manor,E09000017,Hillingdon,4164,1238,1659,1067,168,32,29.73,39.84,25.62,4.03,0.77
E05013579,South Ruislip,E09000017,Hillingdon,6210,1624,2208,1913,403,62,26.15,35.56,30.81,6.49,1.0
E05013580,Uxbridge,E09000017,Hillingdon,6518,1492,1660,2703,541,122,22.89,25.47,41.47,8.3,1.87
E05013581,West Drayton,E09000017,Hillingdon,6530,1239,1828,2647,684,132,18.97,27.99,40.54,10.47,2.02
E05013582,Wood End,E09000017,Hillingdon,6171,984,1535,2532,883,237,15.95,24.87,41.03,14.31,3.84
E05013583,Yeading,E09000017,Hillingdon,4787,592,1238,2063,728,166,12.37,25.86,43.1,15.21,3.47
E05013584,Yiewsley,E09000017,Hillingdon,4556,605,1085,2209,557,100,13.28,23.81,48.49,12.23,2.19
E05013585,Alexandra Park,E09000014,Haringey,3413,1447,876,885,173,32,42.4,25.67,25.93,5.07,0.94
E05013586,Bounds Green,E09000014,Haringey,4060,696,977,1766,506,115,17.14,24.06,43.5,12.46,2.83
E05013587,Bruce Castle,E09000014,Haringey,5303,617,1029,2530,890,237,11.63,19.4,47.71,16.78,4.47
E05013588,Crouch End,E09000014,Haringey,6052,1292,1657,2780,277,46,21.35,27.38,45.94,4.58,0.76
E05013589,Fortis Green,E09000014,Haringey,4997,1750,1326,1637,243,41,35.02,26.54,32.76,4.86,0.82
E05013590,Harringay,E09000014,Haringey,6122,1172,1375,2895,558,122,19.14,22.46,47.29,9.11,1.99
E05013591,Hermitage & Gardens,E09000014,Haringey,3261,565,724,1488,369,115,17.33,22.2,45.63,11.32,3.53
E05013592,Highgate,E09000014,Haringey,5687,1541,1866,2045,207,28,27.1,32.81,35.96,3.64,0.49
E05013593,Hornsey,E09000014,Haringey,6548,1250,1762,3035,413,88,19.09,26.91,46.35,6.31,1.34
E05013594,Muswell Hill,E09000014,Haringey,3836,1252,994,1413,153,24,32.64,25.91,36.84,3.99,0.63
E05013595,Noel Park,E09000014,Haringey,5323,724,1259,2441,713,186,13.6,23.65,45.86,13.39,3.49
E05013596,Northumberland Park,E09000014,Haringey,5680,608,1135,2628,1025,284,10.7,19.98,46.27,18.05,5.0
E05013597,St Ann's,E09000014,Haringey,3953,665,948,1681,516,143,16.82,23.98,42.52,13.05,3.62
E05013598,Seven Sisters,E09000014,Haringey,3544,423,771,1684,543,123,11.94,21.76,47.52,15.32,3.47
E05013599,South Tottenham,E09000014,Haringey,5608,816,1122,2553,839,278,14.55,20.01,45.52,14.96,4.96
E05013600,Stroud Green,E09000014,Haringey,4986,904,1395,2346,281,60,18.13,27.98,47.05,5.64,1.2
E05013601,Tottenham Central,E09000014,Haringey,5861,846,1328,2775,725,187,14.43,22.66,47.35,12.37,3.19
E05013602,Tottenham Hale,E09000014,Haringey,3918,474,931,1734,570,209,12.1,23.76,44.26,14.55,5.33
E05013603,West Green,E09000014,Haringey,5752,1041,1325,2454,739,193,18.1,23.04,42.66,12.85,3.36
E05013604,White Hart Lane,E09000014,Haringey,4919,776,1410,1890,643,200,15.78,28.66,38.42,13.07,4.07
E05013605,Woodside,E09000014,Haringey,6261,868,1408,2946,825,214,13.86,22.49,47.05,13.18,3.42
E05013606,Bedfont,E09000018,Hounslow,5391,874,1406,2276,631,204,16.21,26.08,42.22,11.7,3.78
E05013607,Brentford East,E09000018,Hounslow,3673,246,895,1940,509,83,6.7,24.37,52.82,13.86,2.26
E05013608,Brentford West,E09000018,Hounslow,3633,777,957,1602,255,42,21.39,26.34,44.1,7.02,1.16
E05013609,Chiswick Gunnersbury,E09000018,Hounslow,5773,1475,1535,2430,280,53,25.55,26.59,42.09,4.85,0.92
E05013610,Chiswick Homefields,E09000018,Hounslow,5878,2085,1683,1810,256,44,35.47,28.63,30.79,4.36,0.75
E05013611,Chiswick Riverside,E09000018,Hounslow,4271,1255,1258,1536,183,39,29.38,29.45,35.96,4.28,0.91
E05013612,Cranford,E09000018,Hounslow,4987,905,1190,1773,779,340,18.15,23.86,35.55,15.62,6.82
E05013613,Feltham North,E09000018,Hounslow,4199,796,1106,1635,486,176,18.96,26.34,38.94,11.57,4.19
E05013614,Feltham West,E09000018,Hounslow,5680,793,1466,2542,720,159,13.96,25.81,44.75,12.68,2.8
E05013615,Hanworth Park,E09000018,Hounslow,3738,783,1078,1410,389,78,20.95,28.84,37.72,10.41,2.09
E05013616,Hanworth Village,E09000018,Hounslow,5727,994,1520,2372,668,173,17.36,26.54,41.42,11.66,3.02
E05013617,Heston Central,E09000018,Hounslow,4335,947,994,1537,601,256,21.85,22.93,35.46,13.86,5.91
E05013618,Heston East,E09000018,Hounslow,3657,861,898,1283,443,172,23.54,24.56,35.08,12.11,4.7
E05013619,Heston West,E09000018,Hounslow,4605,869,1057,1751,670,258,18.87,22.95,38.02,14.55,5.6
E05013620,Hounslow Central,E09000018,Hounslow,3628,430,593,1606,770,229,11.85,16.35,44.27,21.22,6.31
E05013621,Hounslow East,E09000018,Hounslow,3081,420,658,1452,426,125,13.63,21.36,47.13,13.83,4.06
E05013622,Hounslow Heath,E09000018,Hounslow,5153,736,1108,2150,843,316,14.28,21.5,41.72,16.36,6.13
E05013623,Hounslow South,E09000018,Hounslow,4874,1551,1482,1382,372,87,31.82,30.41,28.35,7.63,1.78
E05013624,Hounslow West,E09000018,Hounslow,4878,841,888,1965,836,348,17.24,18.2,40.28,17.14,7.13
E05013625,Isleworth,E09000018,Hounslow,5527,1059,1688,2152,530,98,19.16,30.54,38.94,9.59,1.77
E05013626,Osterley & Spring Grove,E09000018,Hounslow,5241,1618,1356,1752,428,87,30.87,25.87,33.43,8.17,1.66
E05013627,Syon & Brentford Lock,E09000018,Hounslow,5058,690,1487,2335,462,84,13.64,29.4,46.16,9.13,1.66
E05013628,Barnet Vale,E09000003,Barnet,7197,2438,2152,2176,368,63,33.88,29.9,30.23,5.11,0.88
E05013629,Brunswick Park,E09000003,Barnet,5960,2220,1857,1535,300,48,37.25,31.16,25.76,5.03,0.81
E05013630,Burnt Oak,E09000003,Barnet,7318,1011,1795,3052,1143,317,13.82,24.53,41.71,15.62,4.33
E05013631,Childs Hill,E09000003,Barnet,7906,2269,1851,3143,543,100,28.7,23.41,39.75,6.87,1.26
E05013632,Colindale North,E09000003,Barnet,4622,393,1004,2322,737,166,8.5,21.72,50.24,15.95,3.59
E05013633,Colindale South,E09000003,Barnet,7414,850,1781,3719,914,150,11.46,24.02,50.16,12.33,2.02
E05013634,Cricklewood,E09000003,Barnet,3844,730,945,1614,443,112,18.99,24.58,41.99,11.52,2.91
E05013635,East Barnet,E09000003,Barnet,6974,2164,2146,2210,390,64,31.03,30.77,31.69,5.59,0.92
E05013636,East Finchley,E09000003,Barnet,6793,1679,1918,2648,462,86,24.72,28.23,38.98,6.8,1.27
E05013637,Edgware,E09000003,Barnet,7100,2544,1964,1949,532,111,35.83,27.66,27.45,7.49,1.56
E05013638,Edgwarebury,E09000003,Barnet,4086,1451,1050,1172,339,74,35.51,25.7,28.68,8.3,1.81
E05013639,Finchley Church End,E09000003,Barnet,7574,2570,2213,2262,456,73,33.93,29.22,29.87,6.02,0.96
E05013640,Friern Barnet,E09000003,Barnet,7523,1641,2132,2975,676,99,21.81,28.34,39.55,8.99,1.32
E05013641,Garden Suburb,E09000003,Barnet,5034,2489,1405,991,136,13,49.44,27.91,19.69,2.7,0.26
E05013642,Golders Green,E09000003,Barnet,5172,1726,1133,1887,350,76,33.37,21.91,36.48,6.77,1.47
E05013643,Hendon,E09000003,Barnet,8271,2118,2019,3223,765,146,25.61,24.41,38.97,9.25,1.77
E05013644,High Barnet,E09000003,Barnet,4846,1839,1436,1341,199,31,37.95,29.63,27.67,4.11,0.64
E05013645,Mill Hill,E09000003,Barnet,6723,2493,2008,1787,354,81,37.08,29.87,26.58,5.27,1.2
E05013646,Totteridge & Woodside,E09000003,Barnet,5644,2428,1581,1369,228,38,43.02,28.01,24.26,4.04,0.67
E05013647,Underhill,E09000003,Barnet,4803,1367,1454,1617,315,50,28.46,30.27,33.67,6.56,1.04
E05013648,West Finchley,E09000003,Barnet,7744,2162,2179,2758,538,107,27.92,28.14,35.61,6.95,1.38
E05013649,West Hendon,E09000003,Barnet,6448,1214,1620,2671,748,195,18.83,25.12,41.42,11.6,3.02
E05013650,Whetstone,E09000003,Barnet,4311,1562,1280,1220,210,39,36.23,29.69,28.3,4.87,0.9
E05013651,Woodhouse,E09000003,Barnet,5592,1345,1525,2153,480,89,24.05,27.27,38.5,8.58,1.59
E05013652,Belsize,E09000007,Camden,5905,947,2048,2728,165,17,16.04,34.68,46.2,2.79,0.29
E05013653,Bloomsbury,E09000007,Camden,4768,376,1185,2834,298,75,7.89,24.85,59.44,6.25,1.57
E05013654,Camden Square,E09000007,Camden,3208,340,839,1678,296,55,10.6,26.15,52.31,9.23,1.71
E05013655,Camden Town,E09000007,Camden,3022,347,798,1536,274,67,11.48,26.41,50.83,9.07,2.22
E05013656,Fortune Green,E09000007,Camden,5118,1038,1347,2318,341,74,20.28,26.32,45.29,6.66,1.45
E05013657,Frognal,E09000007,Camden,3299,961,1086,1113,110,29,29.13,32.92,33.74,3.33,0.88
E05013658,Gospel Oak,E09000007,Camden,5244,825,1276,2602,461,80,15.73,24.33,49.62,8.79,1.53
E05013659,Hampstead Town,E09000007,Camden,3743,1106,1214,1329,78,16,29.55,32.43,35.51,2.08,0.43
E05013660,Haverstock,E09000007,Camden,5076,512,1317,2570,533,144,10.09,25.95,50.63,10.5,2.84
E05013661,Highgate,E09000007,Camden,4443,1228,1148,1759,249,59,27.64,25.84,39.59,5.6,1.33
E05013662,Holborn & Covent Garden,E09000007,Camden,5040,386,1217,2892,446,99,7.66,24.15,57.38,8.85,1.96
E05013663,Kentish Town North,E09000007,Camden,3367,490,817,1813,207,40,14.55,24.26,53.85,6.15,1.19
E05013664,Kentish Town South,E09000007,Camden,4307,590,1171,2105,358,83,13.7,27.19,48.87,8.31,1.93
E05013665,Kilburn,E09000007,Camden,5541,445,1184,3133,620,159,8.03,21.37,56.54,11.19,2.87
E05013666,King's Cross,E09000007,Camden,4380,329,1010,2489,433,119,7.51,23.06,56.83,9.89,2.72
E05013667,Primrose Hill,E09000007,Camden,5603,1115,1681,2413,315,79,19.9,30.0,43.07,5.62,1.41
E05013668,Regent's Park,E09000007,Camden,4962,552,1037,2645,565,163,11.12,20.9,53.31,11.39,3.28
E05013669,St Pancras & Somers Town,E09000007,Camden,4859,396,1030,2558,685,190,8.15,21.2,52.64,14.1,3.91
E05013670,South Hampstead,E09000007,Camden,5523,684,1767,2646,349,77,12.38,31.99,47.91,6.32,1.39
E05013671,West Hampstead,E09000007,Camden,5326,655,1435,2836,335,65,12.3,26.94,53.25,6.29,1.22
E05013672,Arnos Grove,E09000010,Enfield,3173,1391,829,728,179,46,43.84,26.13,22.94,5.64,1.45
E05013673,Bowes,E09000010,Enfield,3811,907,904,1349,503,148,23.8,23.72,35.4,13.2,3.88
E05013674,Brimsdown,E09000010,Enfield,5611,1130,1384,2254,710,133,20.14,24.67,40.17,12.65,2.37
E05013675,Bullsmoor,E09000010,Enfield,3950,855,1047,1506,464,78,21.65,26.51,38.13,11.75,1.97
E05013676,Bush Hill Park,E09000010,Enfield,4991,2002,1462,1255,206,66,40.11,29.29,25.15,4.13,1.32
E05013677,Carterhatch,E09000010,Enfield,4197,646,995,1768,604,184,15.39,23.71,42.13,14.39,4.38
E05013678,Cockfosters,E09000010,Enfield,3850,1580,1077,969,180,44,41.04,27.97,25.17,4.68,1.14
E05013679,Edmonton Green,E09000010,Enfield,6225,712,1268,2921,1043,281,11.44,20.37,46.92,16.76,4.51
E05013680,Enfield Lock,E09000010,Enfield,6427,1046,1487,2872,852,170,16.28,23.14,44.69,13.26,2.65
E05013681,Grange Park,E09000010,Enfield,3391,1528,915,771,153,24,45.06,26.98,22.74,4.51,0.71
E05013682,Haselbury,E09000010,Enfield,6209,1169,1521,2406,834,279,18.83,24.5,38.75,13.43,4.49
E05013683,Highfield,E09000010,Enfield,3407,1159,1009,911,235,93,34.02,29.62,26.74,6.9,2.73
E05013684,Jubilee,E09000010,Enfield,5674,1143,1428,2202,743,158,20.14,25.17,38.81,13.09,2.78
E05013685,Lower Edmonton,E09000010,Enfield,5814,889,1417,2435,868,205,15.29,24.37,41.88,14.93,3.53
E05013686,New Southgate,E09000010,Enfield,4322,1003,1181,1591,437,110,23.21,27.33,36.81,10.11,2.55
E05013687,Oakwood,E09000010,Enfield,3254,1209,1020,838,153,34,37.15,31.35,25.75,4.7,1.04
E05013688,Palmers Green,E09000010,Enfield,4174,1141,981,1542,407,103,27.34,23.5,36.94,9.75,2.47
E05013689,Ponders End,E09000010,Enfield,4519,653,961,1966,728,211,14.45,21.27,43.51,16.11,4.67
E05013690,Ridgeway,E09000010,Enfield,5569,1695,1766,1788,270,50,30.44,31.71,32.11,4.85,0.9
E05013691,Southbury,E09000010,Enfield,5807,1330,1635,2176,558,108,22.9,28.16,37.47,9.61,1.86
E05013692,Southgate,E09000010,Enfield,5899,1765,1736,1871,448,79,29.92,29.43,31.72,7.59,1.34
E05013693,Town,E09000010,Enfield,5399,1789,1671,1604,294,41,33.14,30.95,29.71,5.45,0.76
E05013694,Upper Edmonton,E09000010,Enfield,5622,785,1241,2279,1015,302,13.96,22.07,40.54,18.05,5.37
E05013695,Whitewebbs,E09000010,Enfield,5657,1482,1821,1854,432,68,26.2,32.19,32.77,7.64,1.2
E05013696,Winchmore Hill,E09000010,Enfield,4000,1641,1024,1034,259,42,41.02,25.6,25.85,6.48,1.05
E05013697,Arsenal,E09000019,Islington,6012,646,1442,3353,493,78,10.75,23.99,55.77,8.2,1.3
E05013698,Barnsbury,E09000019,Islington,5628,814,1522,2917,317,58,14.46,27.04,51.83,5.63,1.03
E05013699,Bunhill,E09000019,Islington,5070,298,1380,2909,429,54,5.88,27.22,57.38,8.46,1.07
E05013700,Caledonian,E09000019,Islington,4913,400,1194,2756,460,103,8.14,24.3,56.1,9.36,2.1
E05013701,Canonbury,E09000019,Islington,5797,693,1580,2984,476,64,11.95,27.26,51.47,8.21,1.1
E05013702,Clerkenwell,E09000019,Islington,4941,493,1539,2515,356,38,9.98,31.15,50.9,7.21,0.77
E05013703,Finsbury Park,E09000019,Islington,5984,595,1167,3404,650,168,9.94,19.5,56.89,10.86,2.81
E05013704,Highbury,E09000019,Islington,6085,1210,1727,2765,338,45,19.88,28.38,45.44,5.55,0.74
E05013705,Hillrise,E09000019,Islington,6413,1041,1527,3178,588,79,16.23,23.81,49.56,9.17,1.23
E05013706,Holloway,E09000019,Islington,5225,474,1299,2900,492,60,9.07,24.86,55.5,9.42,1.15
E05013707,Junction,E09000019,Islington,5913,702,1359,3293,467,92,11.87,22.98,55.69,7.9,1.56
E05013708,Laycock,E09000019,Islington,5687,644,1433,3073,453,84,11.32,25.2,54.04,7.97,1.48
E05013709,Mildmay,E09000019,Islington,6105,569,1572,3316,508,140,9.32,25.75,54.32,8.32,2.29
E05013710,St Mary's & St James',E09000019,Islington,5578,674,1622,2903,334,45,12.08,29.08,52.04,5.99,0.81
E05013711,St Peter's & Canalside,E09000019,Islington,5481,575,1398,3084,366,58,10.49,25.51,56.27,6.68,1.06
E05013712,Tollington,E09000019,Islington,6203,784,1470,3304,533,112,12.64,23.7,53.26,8.59,1.81
E05013713,Tufnell Park,E09000019,Islington,5524,764,1381,2882,435,62,13.83,25.0,52.17,7.87,1.12
E05013714,Bellingham,E09000023,Lewisham,4652,635,1134,2187,547,149,13.65,24.38,47.01,11.76,3.2
E05013715,Blackheath,E09000023,Lewisham,7278,1448,2153,3121,477,79,19.9,29.58,42.88,6.55,1.09
E05013716,Brockley,E09000023,Lewisham,7562,1030,2010,3748,613,161,13.62,26.58,49.56,8.11,2.13
E05013717,Catford South,E09000023,Lewisham,6283,1913,1714,1972,520,164,30.45,27.28,31.39,8.28,2.61
E05013718,Crofton Park,E09000023,Lewisham,6240,1787,1876,2149,358,70,28.64,30.06,34.44,5.74,1.12
E05013719,Deptford,E09000023,Lewisham,6866,589,1631,3605,787,254,8.58,23.75,52.51,11.46,3.7
E05013720,Downham,E09000023,Lewisham,7039,1125,2128,2774,807,205,15.98,30.23,39.41,11.46,2.91
E05013721,Evelyn,E09000023,Lewisham,6312,469,1509,3361,766,207,7.43,23.91,53.25,12.14,3.28
E05013722,Forest Hill,E09000023,Lewisham,6405,1426,1875,2562,462,80,22.26,29.27,40.0,7.21,1.25
E05013723,Grove Park,E09000023,Lewisham,6259,1518,1904,2218,516,103,24.25,30.42,35.44,8.24,1.65
E05013724,Hither Green,E09000023,Lewisham,8025,1682,2151,3231,748,213,20.96,26.8,40.26,9.32,2.65
E05013725,Ladywell,E09000023,Lewisham,6071,1386,1698,2325,543,119,22.83,27.97,38.3,8.94,1.96
E05013726,Lee Green,E09000023,Lewisham,6147,1689,1836,2147,388,87,27.48,29.87,34.93,6.31,1.42
E05013727,Lewisham Central,E09000023,Lewisham,3890,243,884,2357,363,43,6.25,22.72,60.59,9.33,1.11
E05013728,New Cross Gate,E09000023,Lewisham,4155,338,810,2200,624,183,8.13,19.49,52.95,15.02,4.4
E05013729,Perry Vale,E09000023,Lewisham,7500,1810,2201,2810,566,113,24.13,29.35,37.47,7.55,1.51
E05013730,Rushey Green,E09000023,Lewisham,7721,1170,1994,3523,817,217,15.15,25.83,45.63,10.58,2.81
E05013731,Sydenham,E09000023,Lewisham,7271,1511,2053,2925,647,135,20.78,28.24,40.23,8.9,1.86
E05013732,Telegraph Hill,E09000023,Lewisham,6766,1090,1761,3064,683,168,16.11,26.03,45.29,10.09,2.48
E05013733,Addison,E09000013,Hammersmith and Fulham,3808,437,818,2186,312,55,11.48,21.48,57.41,8.19,1.44
E05013734,Avonmore,E09000013,Hammersmith and Fulham,3663,403,944,2032,246,38,11.0,25.77,55.47,6.72,1.04
E05013735,Brook Green,E09000013,Hammersmith and Fulham,3799,661,942,1911,247,38,17.4,24.8,50.3,6.5,1.0
E05013736,College Park & Old Oak,E09000013,Hammersmith and Fulham,3868,432,931,1975,438,92,11.17,24.07,51.06,11.32,2.38
E05013737,Coningham,E09000013,Hammersmith and Fulham,4907,636,1067,2645,471,88,12.96,21.74,53.9,9.6,1.79
E05013738,Fulham Reach,E09000013,Hammersmith and Fulham,5094,1030,1326,2363,315,60,20.22,26.03,46.39,6.18,1.18
E05013739,Fulham Town,E09000013,Hammersmith and Fulham,3418,797,917,1530,142,32,23.32,26.83,44.76,4.15,0.94
E05013740,Grove,E09000013,Hammersmith and Fulham,3438,670,902,1651,179,36,19.49,26.24,48.02,5.21,1.05
E05013741,Hammersmith Broadway,E09000013,Hammersmith and Fulham,3499,469,836,1846,293,55,13.4,23.89,52.76,8.37,1.57
E05013742,Lillie,E09000013,Hammersmith and Fulham,3193,329,778,1789,259,38,10.3,24.37,56.03,8.11,1.19
E05013743,Munster,E09000013,Hammersmith and Fulham,5415,1338,1633,2158,241,45,24.71,30.16,39.85,4.45,0.83
E05013744,Palace & Hurlingham,E09000013,Hammersmith and Fulham,4790,1652,1376,1500,212,50,34.49,28.73,31.32,4.43,1.04
E05013745,Parsons Green & Sandford,E09000013,Hammersmith and Fulham,3206,1246,831,986,117,26,38.86,25.92,30.75,3.65,0.81
E05013746,Ravenscourt,E09000013,Hammersmith and Fulham,3093,554,799,1476,230,34,17.91,25.83,47.72,7.44,1.1
E05013747,Sands End,E09000013,Hammersmith and Fulham,5060,596,1541,2479,378,66,11.78,30.45,48.99,7.47,1.3
E05013748,Shepherd's Bush Green,E09000013,Hammersmith and Fulham,2668,225,484,1545,347,67,8.43,18.14,57.91,13.01,2.51
E05013749,Walham Green,E09000013,Hammersmith and Fulham,3497,547,904,1709,277,60,15.64,25.85,48.87,7.92,1.72
E05013750,Wendell Park,E09000013,Hammersmith and Fulham,3164,731,759,1404,229,41,23.1,23.99,44.37,7.24,1.3
E05013751,West Kensington,E09000013,Hammersmith and Fulham,4611,418,976,2669,465,83,9.07,21.17,57.88,10.08,1.8
E05013752,White City,E09000013,Hammersmith and Fulham,4132,503,895,2070,542,122,12.17,21.66,50.1,13.12,2.95
E05013753,Wormholt,E09000013,Hammersmith and Fulham,2934,629,763,1200,269,73,21.44,26.01,40.9,9.17,2.49
E05013754,Beddington,E09000029,Sutton,4124,1376,1408,1116,200,24,33.37,34.14,27.06,4.85,0.58
E05013755,Belmont,E09000029,Sutton,4726,1525,1233,1660,271,37,32.27,26.09,35.12,5.73,0.78
E05013756,Carshalton Central,E09000029,Sutton,4679,1663,1535,1253,209,19,35.54,32.81,26.78,4.47,0.41
E05013757,Carshalton South & Clockhouse,E09000029,Sutton,3643,1763,1056,687,123,14,48.39,28.99,18.86,3.38,0.38
E05013758,Cheam,E09000029,Sutton,4092,1988,1112,856,117,19,48.58,27.17,20.92,2.86,0.46
E05013759,Hackbridge,E09000029,Sutton,2858,421,890,1300,221,26,14.73,31.14,45.49,7.73,0.91
E05013760,North Cheam,E09000029,Sutton,4341,1543,1493,1094,188,23,35.54,34.39,25.2,4.33,0.53
E05013761,St Helier East,E09000029,Sutton,3113,460,953,1332,326,42,14.78,30.61,42.79,10.47,1.35
E05013762,St Helier West,E09000029,Sutton,4437,659,1401,1806,491,80,14.85,31.58,40.7,11.07,1.8
E05013763,South Beddington & Roundshaw,E09000029,Sutton,4037,1298,985,1413,302,39,32.15,24.4,35.0,7.48,0.97
E05013764,Stonecot,E09000029,Sutton,2792,1032,952,646,132,30,36.96,34.1,23.14,4.73,1.07
E05013765,Sutton Central,E09000029,Sutton,5329,587,1376,2689,608,69,11.02,25.82,50.46,11.41,1.29
E05013766,Sutton North,E09000029,Sutton,4251,1197,1434,1326,263,31,28.16,33.73,31.19,6.19,0.73
E05013767,Sutton South,E09000029,Sutton,5581,784,1547,2750,459,41,14.05,27.72,49.27,8.22,0.73
E05013768,Sutton West & East Cheam,E09000029,Sutton,4688,1125,1530,1703,294,36,24.0,32.64,36.33,6.27,0.77
E05013769,The Wrythe,E09000029,Sutton,4133,1084,1301,1457,265,26,26.23,31.48,35.25,6.41,0.63
E05013770,Wallington North,E09000029,Sutton,4859,1197,1544,1781,300,37,24.63,31.78,36.65,6.17,0.76
E05013771,Wallington South,E09000029,Sutton,4707,1269,1269,1851,288,30,26.96,26.96,39.32,6.12,0.64
E05013772,Worcester Park North,E09000029,Sutton,3157,941,1215,827,156,18,29.81,38.49,26.2,4.94,0.57
E05013773,Worcester Park South,E09000029,Sutton,2729,1330,867,472,49,11,48.74,31.77,17.3,1.8,0.4
E05013774,Barnes,E09000027,Richmond upon Thames,4305,1899,1152,1094,132,28,44.11,26.76,25.41,3.07,0.65
E05013775,East Sheen,E09000027,Richmond upon Thames,4131,2065,1061,905,90,10,49.99,25.68,21.91,2.18,0.24
E05013776,Fulwell & Hampton Hill,E09000027,Richmond upon Thames,4442,1557,1496,1264,104,21,35.05,33.68,28.46,2.34,0.47
E05013777,"Ham, Petersham & Richmond Riverside",E09000027,Richmond upon Thames,4397,1397,1534,1269,172,25,31.77,34.89,28.86,3.91,0.57
E05013778,Hampton,E09000027,Richmond upon Thames,4140,1649,1286,1052,140,13,39.83,31.06,25.41,3.38,0.31
E05013779,Hampton North,E09000027,Richmond upon Thames,4224,1332,1213,1419,223,37,31.53,28.72,33.59,5.28,0.88
E05013780,Hampton Wick & South Teddington,E09000027,Richmond upon Thames,4638,1491,1392,1570,176,9,32.15,30.01,33.85,3.79,0.19
E05013781,Heathfield,E09000027,Richmond upon Thames,3755,1251,1094,1069,287,54,33.32,29.13,28.47,7.64,1.44
E05013782,Kew,E09000027,Richmond upon Thames,4988,1790,1590,1428,156,24,35.89,31.88,28.63,3.13,0.48
E05013783,Mortlake & Barnes Common,E09000027,Richmond upon Thames,5143,1525,1766,1624,199,29,29.65,34.34,31.58,3.87,0.56
E05013784,North Richmond,E09000027,Richmond upon Thames,4632,1497,1381,1575,165,14,32.32,29.81,34.0,3.56,0.3
E05013785,St Margarets & North Twickenham,E09000027,Richmond upon Thames,4688,1803,1511,1220,139,15,38.46,32.23,26.02,2.97,0.32
E05013786,South Richmond,E09000027,Richmond upon Thames,5045,1458,1649,1771,156,11,28.9,32.69,35.1,3.09,0.22
E05013787,South Twickenham,E09000027,Richmond upon Thames,4253,1572,1371,1202,101,7,36.96,32.24,28.26,2.37,0.16
E05013788,Teddington,E09000027,Richmond upon Thames,4721,1737,1406,1450,109,19,36.79,29.78,30.71,2.31,0.4
E05013789,Twickenham Riverside,E09000027,Richmond upon Thames,4967,1393,1566,1825,163,20,28.05,31.53,36.74,3.28,0.4
E05013790,West Twickenham,E09000027,Richmond upon Thames,4229,1432,1520,1078,169,30,33.86,35.94,25.49,4.0,0.71
E05013791,Whitton,E09000027,Richmond upon Thames,4028,1651,1305,882,155,35,40.99,32.4,21.9,3.85,0.87
E05013792,Abbey Road,E09000033,Westminster,6066,1214,1680,2772,321,79,20.01,27.7,45.7,5.29,1.3
E05013793,Bayswater,E09000033,Westminster,6108,699,1551,3440,319,99,11.44,25.39,56.32,5.22,1.62
E05013794,Church Street,E09000033,Westminster,4536,335,772,2457,687,285,7.39,17.02,54.17,15.15,6.28
E05013795,Harrow Road,E09000033,Westminster,5012,333,1136,2774,614,155,6.64,22.67,55.35,12.25,3.09
E05013796,Hyde Park,E09000033,Westminster,4601,688,1143,2350,299,121,14.95,24.84,51.08,6.5,2.63
E05013797,Knightsbridge & Belgravia,E09000033,Westminster,5009,1176,1445,2103,236,49,23.48,28.85,41.98,4.71,0.98
E05013798,Lancaster Gate,E09000033,Westminster,5648,574,1479,3109,385,101,10.16,26.19,55.05,6.82,1.79
E05013799,Little Venice,E09000033,Westminster,4461,638,1353,1992,388,90,14.3,30.33,44.65,8.7,2.02
E05013800,Maida Vale,E09000033,Westminster,4995,534,1513,2387,453,108,10.69,30.29,47.79,9.07,2.16
E05013801,Marylebone,E09000033,Westminster,6330,945,2118,2926,288,53,14.93,33.46,46.22,4.55,0.84
E05013802,Pimlico North,E09000033,Westminster,5191,521,1402,2880,339,49,10.04,27.01,55.48,6.53,0.94
E05013803,Pimlico South,E09000033,Westminster,4961,476,1185,2665,515,120,9.59,23.89,53.72,10.38,2.42
E05013804,Queen's Park,E09000033,Westminster,5088,385,1224,2476,753,250,7.57,24.06,48.66,14.8,4.91
E05013805,Regent's Park,E09000033,Westminster,5649,951,1680,2657,309,52,16.83,29.74,47.03,5.47,0.92
E05013806,St James's,E09000033,Westminster,5147,552,1422,2879,261,33,10.72,27.63,55.94,5.07,0.64
E05013807,Vincent Square,E09000033,Westminster,5170,482,1428,2767,401,92,9.32,27.62,53.52,7.76,1.78
E05013808,West End,E09000033,Westminster,6076,681,1607,3368,348,72,11.21,26.45,55.43,5.73,1.18
E05013809,Westbourne,E09000033,Westminster,4688,319,913,2481,733,242,6.8,19.48,52.92,15.64,5.16
E05013810,Abbey,E09000024,Merton,4343,924,1341,1724,286,68,21.28,30.88,39.7,6.59,1.57
E05013811,Cannon Hill,E09000024,Merton,3575,1623,1064,704,149,35,45.4,29.76,19.69,4.17,0.98
E05013812,Colliers Wood,E09000024,Merton,4754,816,1361,2100,381,96,17.16,28.63,44.17,8.01,2.02
E05013813,Cricket Green,E09000024,Merton,4384,736,1027,1850,629,142,16.79,23.43,42.2,14.35,3.24
E05013814,Figge's Marsh,E09000024,Merton,3945,679,953,1564,591,158,17.21,24.16,39.65,14.98,4.01
E05013815,Graveney,E09000024,Merton,4169,1202,1101,1321,407,138,28.83,26.41,31.69,9.76,3.31
E05013816,Hillside,E09000024,Merton,3882,1036,1227,1463,139,17,26.69,31.61,37.69,3.58,0.44
E05013817,Lavender Fields,E09000024,Merton,4358,714,1212,1871,459,102,16.38,27.81,42.93,10.53,2.34
E05013818,Longthornton,E09000024,Merton,4082,1140,1152,1281,402,107,27.93,28.22,31.38,9.85,2.62
E05013819,Lower Morden,E09000024,Merton,4159,1550,1361,1022,183,43,37.27,32.72,24.57,4.4,1.03
E05013820,Merton Park,E09000024,Merton,3050,1379,842,678,117,34,45.21,27.61,22.23,3.84,1.11
E05013821,Pollards Hill,E09000024,Merton,3990,1002,1012,1303,523,150,25.11,25.36,32.66,13.11,3.76
E05013822,Ravensbury,E09000024,Merton,3429,737,1064,1177,364,87,21.49,31.03,34.32,10.62,2.54
E05013823,Raynes Park,E09000024,Merton,5089,1452,1678,1662,258,39,28.53,32.97,32.66,5.07,0.77
E05013824,St Helier,E09000024,Merton,4020,631,1207,1585,478,119,15.7,30.02,39.43,11.89,2.96
E05013825,Village,E09000024,Merton,4682,2363,1238,970,98,13,50.47,26.44,20.72,2.09,0.28
E05013826,Wandle,E09000024,Merton,2741,486,918,1120,182,35,17.73,33.49,40.86,6.64,1.28
E05013827,West Barnes,E09000024,Merton,3851,1648,1085,906,166,46,42.79,28.17,23.53,4.31,1.19
E05013828,Wimbledon Park,E09000024,Merton,4228,1737,1021,1203,234,33,41.08,24.15,28.45,5.53,0.78
E05013829,Wimbledon Town & Dundonald,E09000024,Merton,5007,1694,1516,1611,163,23,33.83,30.28,32.17,3.26,0.46
E05013882,Cann Hall,E09000031,Waltham Forest,5568,887,1363,2160,800,358,15.93,24.48,38.79,14.37,6.43
E05013883,Cathall,E09000031,Waltham Forest,3843,633,926,1644,472,168,16.47,24.1,42.78,12.28,4.37
E05013884,Chapel End,E09000031,Waltham Forest,5025,1134,1619,1669,485,118,22.57,32.22,33.21,9.65,2.35
E05013885,Chingford Green,E09000031,Waltham Forest,4775,1668,1498,1375,197,37,34.93,31.37,28.8,4.13,0.77
E05013886,Endlebury,E09000031,Waltham Forest,3407,1216,1030,906,211,44,35.69,30.23,26.59,6.19,1.29
E05013887,Forest,E09000031,Waltham Forest,5574,1176,1331,2186,668,213,21.1,23.88,39.22,11.98,3.82
E05013888,Grove Green,E09000031,Waltham Forest,5506,991,1700,2106,559,150,18.0,30.88,38.25,10.15,2.72
E05013889,Hale End & Highams Park South,E09000031,Waltham Forest,3414,1035,987,1036,283,73,30.32,28.91,30.35,8.29,2.14
E05013890,Hatch Lane & Highams Park North,E09000031,Waltham Forest,5081,1598,1510,1519,356,98,31.45,29.72,29.9,7.01,1.93
E05013891,High Street,E09000031,Waltham Forest,4167,518,1203,1810,511,125,12.43,28.87,43.44,12.26,3.0
E05013892,Higham Hill,E09000031,Waltham Forest,4908,788,1357,1973,632,158,16.06,27.65,40.2,12.88,3.22
E05013893,Hoe Street,E09000031,Waltham Forest,5697,931,1487,2423,688,168,16.34,26.1,42.53,12.08,2.95
E05013894,Larkswood,E09000031,Waltham Forest,5055,1350,1516,1730,372,87,26.71,29.99,34.22,7.36,1.72
E05013895,Lea Bridge,E09000031,Waltham Forest,5421,680,1550,2273,711,207,12.54,28.59,41.93,13.12,3.82
E05013896,Leyton,E09000031,Waltham Forest,5063,724,1254,2245,673,167,14.3,24.77,44.34,13.29,3.3
E05013897,Leytonstone,E09000031,Waltham Forest,4851,1086,1262,1976,419,108,22.39,26.02,40.73,8.64,2.23
E05013898,Markhouse,E09000031,Waltham Forest,3497,720,880,1298,463,136,20.59,25.16,37.12,13.24,3.89
E05013899,St James,E09000031,Waltham Forest,4854,629,1371,2187,517,150,12.96,28.24,45.06,10.65,3.09
E05013900,Upper Walthamstow,E09000031,Waltham Forest,3004,858,810,937,322,77,28.56,26.96,31.19,10.72,2.56
E05013901,Valley,E09000031,Waltham Forest,5079,1509,1511,1529,420,110,29.71,29.75,30.1,8.27,2.17
E05013902,William Morris,E09000031,Waltham Forest,5515,937,1637,2183,580,178,16.99,29.68,39.58,10.52,3.23
E05013903,Wood Street,E09000031,Waltham Forest,3556,658,922,1432,430,114,18.5,25.93,40.27,12.09,3.21
E05013904,Beckton,E09000025,Newham,5286,663,1246,2376,802,199,12.54,23.57,44.95,15.17,3.76
E05013905,Boleyn,E09000025,Newham,4685,604,1084,1879,786,332,12.89,23.14,40.11,16.78,7.09
E05013906,Canning Town North,E09000025,Newham,3858,408,787,1849,587,227,10.58,20.4,47.93,15.22,5.88
E05013907,Canning Town South,E09000025,Newham,2787,249,616,1469,359,94,8.93,22.1,52.71,12.88,3.37
E05013908,Custom House,E09000025,Newham,6243,807,1456,2677,999,304,12.93,23.32,42.88,16.0,4.87
E05013909,East Ham,E09000025,Newham,4270,658,945,1558,755,354,15.41,22.13,36.49,17.68,8.29
E05013910,East Ham South,E09000025,Newham,5312,716,1281,2017,972,326,13.48,24.12,37.97,18.3,6.14
E05013911,Forest Gate North,E09000025,Newham,3740,696,920,1437,507,180,18.61,24.6,38.42,13.56,4.81
E05013912,Forest Gate South,E09000025,Newham,5723,890,1087,2465,951,330,15.55,18.99,43.07,16.62,5.77
E05013913,Green Street East,E09000025,Newham,4399,690,873,1512,888,436,15.69,19.85,34.37,20.19,9.91
E05013914,Green Street West,E09000025,Newham,4164,695,807,1480,794,388,16.69,19.38,35.54,19.07,9.32
E05013915,Little Ilford,E09000025,Newham,5232,614,1024,2142,1117,335,11.74,19.57,40.94,21.35,6.4
E05013916,Manor Park,E09000025,Newham,4684,710,953,1819,891,311,15.16,20.35,38.83,19.02,6.64
E05013917,Maryland,E09000025,Newham,4629,627,1020,2016,716,250,13.55,22.03,43.55,15.47,5.4
E05013918,Plaistow North,E09000025,Newham,5541,655,1101,2357,974,454,11.82,19.87,42.54,17.58,8.19
E05013919,Plaistow South,E09000025,Newham,4319,626,1117,1627,732,217,14.49,25.86,37.67,16.95,5.02
E05013920,Plaistow West & Canning Town East,E09000025,Newham,5862,684,1282,2597,982,317,11.67,21.87,44.3,16.75,5.41
E05013921,Plashet,E09000025,Newham,2937,497,643,923,549,325,16.92,21.89,31.43,18.69,11.07
E05013922,Royal Albert,E09000025,Newham,3851,298,883,1886,632,152,7.74,22.93,48.97,16.41,3.95
E05013923,Royal Victoria,E09000025,Newham,6752,396,1892,3834,540,90,5.86,28.02,56.78,8.0,1.33
E05013924,Stratford,E09000025,Newham,6802,353,1560,3858,854,177,5.19,22.93,56.72,12.56,2.6
E05013925,Stratford Olympic Park,E09000025,Newham,4512,360,1297,2510,291,54,7.98,28.75,55.63,6.45,1.2
E05013926,Wall End,E09000025,Newham,4629,786,1046,1659,807,331,16.98,22.6,35.84,17.43,7.15
E05013927,West Ham,E09000025,Newham,5331,798,1145,2184,861,343,14.97,21.48,40.97,16.15,6.43
E05013928,Alexandra,E09000021,Kingston upon Thames,2155,1001,644,434,66,10,46.45,29.88,20.14,3.06,0.46
E05013929,Berrylands,E09000021,Kingston upon Thames,2702,1093,667,844,82,16,40.45,24.69,31.24,3.03,0.59
E05013930,Canbury Gardens,E09000021,Kingston upon Thames,3325,887,973,1265,184,16,26.68,29.26,38.05,5.53,0.48
E05013931,Chessington South & Malden Rushett,E09000021,Kingston upon Thames,3813,1155,1412,1046,174,26,30.29,37.03,27.43,4.56,0.68
E05013932,Coombe Hill,E09000021,Kingston upon Thames,2655,1367,570,596,101,21,51.49,21.47,22.45,3.8,0.79
E05013933,Coombe Vale,E09000021,Kingston upon Thames,3770,1626,1032,894,193,25,43.13,27.37,23.71,5.12,0.66
E05013934,Green Lane & St James,E09000021,Kingston upon Thames,2374,817,636,731,166,24,34.41,26.79,30.79,6.99,1.01
E05013935,Hook & Chessington North,E09000021,Kingston upon Thames,4040,1428,1354,1017,207,34,35.35,33.51,25.17,5.12,0.84
E05013936,King George's & Sunray,E09000021,Kingston upon Thames,2110,672,677,624,117,20,31.85,32.09,29.57,5.55,0.95
E05013937,Kingston Gate,E09000021,Kingston upon Thames,4283,1240,1372,1371,263,37,28.95,32.03,32.01,6.14,0.86
E05013938,Kingston Town,E09000021,Kingston upon Thames,4318,948,1266,1820,248,36,21.95,29.32,42.15,5.74,0.83
E05013939,Motspur Park & Old Malden East,E09000021,Kingston upon Thames,2517,1217,794,418,73,15,48.35,31.55,16.61,2.9,0.6
E05013940,New Malden Village,E09000021,Kingston upon Thames,3829,1424,972,1189,211,33,37.19,25.39,31.05,5.51,0.86
E05013941,Norbiton,E09000021,Kingston upon Thames,4132,903,1111,1645,406,67,21.85,26.89,39.81,9.83,1.62
E05013942,Old Malden,E09000021,Kingston upon Thames,2481,1065,653,600,134,29,42.93,26.32,24.18,5.4,1.17
E05013943,St Mark's & Seething Wells,E09000021,Kingston upon Thames,5346,996,1837,2289,205,19,18.63,34.36,42.82,3.83,0.36
E05013944,Surbiton Hill,E09000021,Kingston upon Thames,5028,1070,1474,2213,253,18,21.28,29.32,44.01,5.03,0.36
E05013945,Tolworth,E09000021,Kingston upon Thames,4141,1235,1390,1215,249,52,29.82,33.57,29.34,6.01,1.26
E05013946,Tudor,E09000021,Kingston upon Thames,2627,1201,826,491,95,14,45.72,31.44,18.69,3.62,0.53
E05013967,Beam Park,E09000016,Havering,1951,343,630,766,185,27,17.58,32.29,39.26,9.48,1.38
E05013968,Cranham,E09000016,Havering,5140,2504,1691,806,119,20,48.72,32.9,15.68,2.32,0.39
E05013969,Elm Park,E09000016,Havering,6351,2359,2024,1647,268,53,37.14,31.87,25.93,4.22,0.83
E05013970,Emerson Park,E09000016,Havering,3379,1878,949,460,78,14,55.58,28.09,13.61,2.31,0.41
E05013971,Gooshays,E09000016,Havering,6438,1321,1930,2552,547,88,20.52,29.98,39.64,8.5,1.37
E05013972,Hacton,E09000016,Havering,3622,1521,1233,765,81,22,41.99,34.04,21.12,2.24,0.61
E05013973,Harold Wood,E09000016,Havering,5692,1886,1928,1619,230,29,33.13,33.87,28.44,4.04,0.51
E05013974,Havering-atte-Bower,E09000016,Havering,5923,1997,1903,1627,339,57,33.72,32.13,27.47,5.72,0.96
E05013975,Heaton,E09000016,Havering,6634,1195,1923,2828,592,96,18.01,28.99,42.63,8.92,1.45
E05013976,Hylands & Harrow Lodge,E09000016,Havering,5464,2223,1771,1237,189,44,40.68,32.41,22.64,3.46,0.81
E05013977,Marshalls & Rise Park,E09000016,Havering,4923,2355,1523,866,151,28,47.84,30.94,17.59,3.07,0.57
E05013978,Mawneys,E09000016,Havering,5508,1744,1920,1478,303,63,31.66,34.86,26.83,5.5,1.14
E05013979,Rainham & Wennington,E09000016,Havering,5116,1749,1638,1386,279,64,34.19,32.02,27.09,5.45,1.25
E05013980,Rush Green & Crowlands,E09000016,Havering,5817,1219,1691,2259,555,93,20.96,29.07,38.83,9.54,1.6
E05013981,St Alban's,E09000016,Havering,3318,634,992,1370,288,34,19.11,29.9,41.29,8.68,1.02
E05013982,St Andrew's,E09000016,Havering,6035,2035,2179,1584,213,24,33.72,36.11,26.25,3.53,0.4
E05013983,St Edward's,E09000016,Havering,4578,1071,1306,1849,315,37,23.39,28.53,40.39,6.88,0.81
E05013984,South Hornchurch,E09000016,Havering,3863,1354,1251,1005,216,37,35.05,32.38,26.02,5.59,0.96
E05013985,Squirrels Heath,E09000016,Havering,6383,2450,2134,1546,226,27,38.38,33.43,24.22,3.54,0.42
E05013986,Upminster,E09000016,Havering,5159,2489,1833,730,99,8,48.25,35.53,14.15,1.92,0.16
E05013987,Beckenham Town & Copers Cope,E09000006,Bromley,7871,1880,2641,2989,333,28,23.89,33.55,37.97,4.23,0.36
E05013988,Bickley & Sundridge,E09000006,Bromley,7177,3326,2046,1626,163,16,46.34,28.51,22.66,2.27,0.22
E05013989,Biggin Hill,E09000006,Bromley,4337,2082,1411,745,89,10,48.01,32.53,17.18,2.05,0.23
E05013990,Bromley Common & Holwood,E09000006,Bromley,7661,2624,2648,2069,280,40,34.25,34.56,27.01,3.65,0.52
E05013991,Bromley Town,E09000006,Bromley,6911,1977,2045,2483,366,40,28.61,29.59,35.93,5.3,0.58
E05013992,Chelsfield,E09000006,Bromley,4479,2313,1368,708,72,18,51.64,30.54,15.81,1.61,0.4
E05013993,Chislehurst,E09000006,Bromley,6256,3004,1994,1115,127,16,48.02,31.87,17.82,2.03,0.26
E05013994,Clock House,E09000006,Bromley,7373,2213,2377,2437,308,38,30.01,32.24,33.05,4.18,0.52
E05013995,Crystal Palace & Anerley,E09000006,Bromley,5699,588,1544,3024,478,65,10.32,27.09,53.06,8.39,1.14
E05013996,Darwin,E09000006,Bromley,2174,1055,715,350,39,15,48.53,32.89,16.1,1.79,0.69
E05013997,Farnborough & Crofton,E09000006,Bromley,7104,3363,2368,1244,118,11,47.34,33.33,17.51,1.66,0.15
E05013998,Hayes & Coney Hall,E09000006,Bromley,5858,2782,1959,987,110,20,47.49,33.44,16.85,1.88,0.34
E05013999,Kelsey & Eden Park,E09000006,Bromley,5991,2679,1862,1249,179,22,44.72,31.08,20.85,2.99,0.37
E05014000,Mottingham,E09000006,Bromley,4641,1259,1477,1555,313,37,27.13,31.83,33.51,6.74,0.8
E05014001,Orpington,E09000006,Bromley,4868,2092,1495,1054,195,32,42.97,30.71,21.65,4.01,0.66
E05014002,Penge & Cator,E09000006,Bromley,8482,1906,2330,3562,607,77,22.47,27.47,41.99,7.16,0.91
E05014003,Petts Wood & Knoll,E09000006,Bromley,6723,3587,2039,970,118,9,53.35,30.33,14.43,1.76,0.13
E05014004,Plaistow,E09000006,Bromley,5195,1765,1584,1536,272,38,33.97,30.49,29.57,5.24,0.73
E05014005,Shortlands & Park Langley,E09000006,Bromley,6912,2747,2049,1847,247,22,39.74,29.64,26.72,3.57,0.32
E05014006,St Mary Cray,E09000006,Bromley,7672,2052,2782,2382,416,40,26.75,36.26,31.05,5.42,0.52
E05014007,St Paul's Cray,E09000006,Bromley,6694,1478,2129,2501,512,74,22.08,31.8,37.36,7.65,1.11
E05014008,West Wickham,E09000006,Bromley,5708,2905,1646,1029,110,18,50.89,28.84,18.03,1.93,0.32
E05014009,Balham,E09000032,Wandsworth,7338,2064,1931,2980,317,46,28.13,26.32,40.61,4.32,0.63
E05014010,Battersea Park,E09000032,Wandsworth,8439,1053,2268,4143,840,135,12.48,26.88,49.09,9.95,1.6
E05014011,East Putney,E09000032,Wandsworth,7614,1576,2455,3178,355,50,20.7,32.24,41.74,4.66,0.66
E05014012,Falconbrook,E09000032,Wandsworth,5072,434,1141,2731,635,131,8.56,22.5,53.84,12.52,2.58
E05014013,Furzedown,E09000032,Wandsworth,6709,1695,1754,2579,542,139,25.26,26.14,38.44,8.08,2.07
E05014014,Lavender,E09000032,Wandsworth,5474,1228,1504,2506,207,29,22.43,27.48,45.78,3.78,0.53
E05014015,Nine Elms,E09000032,Wandsworth,2851,129,1019,1569,127,7,4.52,35.74,55.03,4.45,0.25
E05014016,Northcote,E09000032,Wandsworth,4805,2285,1088,1304,111,17,47.55,22.64,27.14,2.31,0.35
E05014017,Roehampton,E09000032,Wandsworth,6808,1142,1501,3165,834,166,16.77,22.05,46.49,12.25,2.44
E05014018,St Mary's,E09000032,Wandsworth,6921,831,2293,3359,388,50,12.01,33.13,48.53,5.61,0.72
E05014019,Shaftesbury & Queenstown,E09000032,Wandsworth,6936,890,2023,3354,557,112,12.83,29.17,48.36,8.03,1.61
E05014020,South Balham,E09000032,Wandsworth,4545,992,1157,2181,184,31,21.83,25.46,47.99,4.05,0.68
E05014021,Southfields,E09000032,Wandsworth,5140,1804,1566,1546,189,35,35.1,30.47,30.08,3.68,0.68
E05014022,Thamesfield,E09000032,Wandsworth,7252,1960,2363,2697,210,22,27.03,32.58,37.19,2.9,0.3
E05014023,Tooting Bec,E09000032,Wandsworth,6649,1523,1966,2611,432,117,22.91,29.57,39.27,6.5,1.76
E05014024,Tooting Broadway,E09000032,Wandsworth,7021,1051,1964,3261,598,147,14.97,27.97,46.45,8.52,2.09
E05014025,Trinity,E09000032,Wandsworth,4794,1272,1183,2122,185,32,26.53,24.68,44.26,3.86,0.67
E05014026,Wandle,E09000032,Wandsworth,4491,1043,1276,1847,277,48,23.22,28.41,41.13,6.17,1.07
E05014027,Wandsworth Common,E09000032,Wandsworth,6513,2079,1854,2263,281,36,31.92,28.47,34.75,4.31,0.55
E05014028,Wandsworth Town,E09000032,Wandsworth,8249,1441,2235,4001,502,70,17.47,27.09,48.5,6.09,0.85
E05014029,West Hill,E09000032,Wandsworth,6609,1360,1890,2690,550,119,20.58,28.6,40.7,8.32,1.8
E05014030,West Putney,E09000032,Wandsworth,7163,1844,2173,2661,421,64,25.74,30.34,37.15,5.88,0.89
E05014053,Abbey,E09000002,Barking and Dagenham,1455,102,225,754,327,47,7.01,15.46,51.82,22.47,3.23
E05014054,Alibon,E09000002,Barking and Dagenham,3337,516,977,1288,454,102,15.46,29.28,38.6,13.61,3.06
E05014055,Barking Riverside,E09000002,Barking and Dagenham,3385,336,831,1591,515,112,9.93,24.55,47.0,15.21,3.31
E05014056,Beam,E09000002,Barking and Dagenham,2703,520,738,992,371,82,19.24,27.3,36.7,13.73,3.03
E05014057,Becontree,E09000002,Barking and Dagenham,3071,452,822,1223,445,129,14.72,26.77,39.82,14.49,4.2
E05014058,Chadwell Heath,E09000002,Barking and Dagenham,4827,885,1402,1836,586,118,18.33,29.04,38.04,12.14,2.44
E05014059,Eastbrook & Rush Green,E09000002,Barking and Dagenham,3058,812,923,1015,244,64,26.55,30.18,33.19,7.98,2.09
E05014060,Eastbury,E09000002,Barking and Dagenham,5218,670,1441,2173,761,173,12.84,27.62,41.64,14.58,3.32
E05014061,Gascoigne,E09000002,Barking and Dagenham,3790,223,835,1814,754,164,5.88,22.03,47.86,19.89,4.33
E05014062,Goresbrook,E09000002,Barking and Dagenham,4713,521,1385,2008,664,135,11.05,29.39,42.61,14.09,2.86
E05014063,Heath,E09000002,Barking and Dagenham,3287,472,809,1481,439,86,14.36,24.61,45.06,13.36,2.62
E05014064,Longbridge,E09000002,Barking and Dagenham,3763,1089,855,1150,466,203,28.94,22.72,30.56,12.38,5.39
E05014065,Mayesbrook,E09000002,Barking and Dagenham,5321,625,1378,2366,761,191,11.75,25.9,44.47,14.3,3.59
E05014066,Northbury,E09000002,Barking and Dagenham,4416,476,820,2048,871,201,10.78,18.57,46.38,19.72,4.55
E05014067,Parsloes,E09000002,Barking and Dagenham,5337,621,1516,2338,700,162,11.64,28.41,43.81,13.12,3.04
E05014068,Thames View,E09000002,Barking and Dagenham,1850,246,382,844,293,85,13.3,20.65,45.62,15.84,4.59
E05014069,Valence,E09000002,Barking and Dagenham,5209,624,1514,2153,754,164,11.98,29.07,41.33,14.47,3.15
E05014070,Village,E09000002,Barking and Dagenham,4565,695,1060,2030,652,128,15.22,23.22,44.47,14.28,2.8
E05014071,Whalebone,E09000002,Barking and Dagenham,4638,833,1353,1699,585,168,17.96,29.17,36.63,12.61,3.62
E05014072,Abbey Wood,E09000011,Greenwich,6225,1119,1710,2428,791,177,17.98,27.47,39.0,12.71,2.84
E05014073,Blackheath Westcombe,E09000011,Greenwich,6775,1899,2093,2484,271,28,28.03,30.89,36.66,4.0,0.41
E05014074,Charlton Hornfair,E09000011,Greenwich,4609,997,1479,1705,347,81,21.63,32.09,36.99,7.53,1.76
E05014075,Charlton Village & Riverside,E09000011,Greenwich,3965,925,971,1639,343,87,23.33,24.49,41.34,8.65,2.19
E05014076,East Greenwich,E09000011,Greenwich,6408,1101,2100,2787,370,50,17.18,32.77,43.49,5.77,0.78
E05014077,Eltham Page,E09000011,Greenwich,3497,847,1117,1162,285,86,24.22,31.94,33.23,8.15,2.46
E05014078,Eltham Park & Progress,E09000011,Greenwich,4119,1666,1410,873,144,26,40.45,34.23,21.19,3.5,0.63
E05014079,Eltham Town & Avery Hill,E09000011,Greenwich,6267,1920,1905,2075,327,40,30.64,30.4,33.11,5.22,0.64
E05014080,Greenwich Creekside,E09000011,Greenwich,4848,348,1570,2517,356,57,7.18,32.38,51.92,7.34,1.18
E05014081,Greenwich Park,E09000011,Greenwich,4544,838,1413,1976,267,50,18.44,31.1,43.49,5.88,1.1
E05014082,Greenwich Peninsula,E09000011,Greenwich,5071,420,1478,2778,351,44,8.28,29.15,54.78,6.92,0.87
E05014083,Kidbrooke Park,E09000011,Greenwich,3955,1037,1205,1365,288,60,26.22,30.47,34.51,7.28,1.52
E05014084,Kidbrooke Village & Sutcliffe,E09000011,Greenwich,2702,341,1015,1171,159,16,12.62,37.56,43.34,5.88,0.59
E05014085,Middle Park & Horn Park,E09000011,Greenwich,3538,853,1126,1165,310,84,24.11,31.83,32.93,8.76,2.37
E05014086,"Mottingham, Coldharbour & New Eltham",E09000011,Greenwich,5684,2037,1571,1705,309,62,35.84,27.64,30.0,5.44,1.09
E05014087,Plumstead & Glyndon,E09000011,Greenwich,7512,1173,1827,3106,1015,391,15.62,24.32,41.35,13.51,5.21
E05014088,Plumstead Common,E09000011,Greenwich,6020,1467,1791,2112,530,120,24.37,29.75,35.08,8.8,1.99
E05014089,Shooters Hill,E09000011,Greenwich,4703,1189,1296,1660,454,104,25.28,27.56,35.3,9.65,2.21
E05014090,Thamesmead Moorings,E09000011,Greenwich,4613,598,1093,2112,673,137,12.96,23.69,45.78,14.59,2.97
E05014091,West Thamesmead,E09000011,Greenwich,3933,392,1065,1750,591,135,9.97,27.08,44.5,15.03,3.43
E05014092,Woolwich Arsenal,E09000011,Greenwich,5769,356,1693,3125,516,79,6.17,29.35,54.17,8.94,1.37
E05014093,Woolwich Common,E09000011,Greenwich,4855,597,1103,2345,591,219,12.3,22.72,48.3,12.17,4.51
E05014094,Woolwich Dockyard,E09000011,Greenwich,4471,417,975,2285,658,136,9.33,21.81,51.11,14.72,3.04
E05014095,Brixton Acre Lane,E09000022,Lambeth,6668,855,1743,3545,431,94,12.82,26.14,53.16,6.46,1.41
E05014096,Brixton North,E09000022,Lambeth,6657,709,1573,3432,702,241,10.65,23.63,51.55,10.55,3.62
E05014097,Brixton Rush Common,E09000022,Lambeth,6147,939,1611,2884,581,132,15.28,26.21,46.92,9.45,2.15
E05014098,Brixton Windrush,E09000022,Lambeth,4284,469,912,2450,346,107,10.95,21.29,57.19,8.08,2.5
E05014099,Clapham Common & Abbeville,E09000022,Lambeth,4233,1129,1072,1815,191,26,26.67,25.32,42.88,4.51,0.61
E05014100,Clapham East,E09000022,Lambeth,4313,475,1085,2346,329,78,11.01,25.16,54.39,7.63,1.81
E05014101,Clapham Park,E09000022,Lambeth,5628,793,1546,2676,479,134,14.09,27.47,47.55,8.51,2.38
E05014102,Clapham Town,E09000022,Lambeth,6916,1078,1895,3420,415,108,15.59,27.4,49.45,6.0,1.56
E05014103,Gipsy Hill,E09000022,Lambeth,4568,764,1367,1969,394,74,16.73,29.93,43.1,8.63,1.62
E05014104,Herne Hill & Loughborough Junction,E09000022,Lambeth,6501,1305,1622,2896,526,152,20.07,24.95,44.55,8.09,2.34
E05014105,Kennington,E09000022,Lambeth,6711,798,1763,3359,639,152,11.89,26.27,50.05,9.52,2.26
E05014106,Knight's Hill,E09000022,Lambeth,6737,1475,1807,2700,629,126,21.89,26.82,40.08,9.34,1.87
E05014107,Myatt's Fields,E09000022,Lambeth,4700,580,1160,2327,503,130,12.34,24.68,49.51,10.7,2.77
E05014108,Oval,E09000022,Lambeth,5459,681,1283,2921,465,109,12.47,23.5,53.51,8.52,2.0
E05014109,St Martin's,E09000022,Lambeth,4357,638,1096,2035,493,95,14.64,25.15,46.71,11.32,2.18
E05014110,Stockwell East,E09000022,Lambeth,4511,486,1126,2373,400,126,10.77,24.96,52.6,8.87,2.79
E05014111,Stockwell West & Larkhall,E09000022,Lambeth,6987,694,1721,3551,821,200,9.93,24.63,50.82,11.75,2.86
E05014112,Streatham Common & Vale,E09000022,Lambeth,6487,1755,1737,2263,552,180,27.05,26.78,34.89,8.51,2.77
E05014113,Streatham Hill East,E09000022,Lambeth,4162,845,1011,1819,381,106,20.3,24.29,43.7,9.15,2.55
E05014114,Streatham Hill West & Thornton,E09000022,Lambeth,4501,1044,1334,1846,226,51,23.19,29.64,41.01,5.02,1.13
E05014115,Streatham St Leonard's,E09000022,Lambeth,6629,1278,1599,2965,681,106,19.28,24.12,44.73,10.27,1.6
E05014116,Streatham Wells,E09000022,Lambeth,4139,771,1226,1755,308,79,18.63,29.62,42.4,7.44,1.91
E05014117,Vauxhall,E09000022,Lambeth,4735,307,1342,2663,352,71,6.48,28.34,56.24,7.43,1.5
E05014118,Waterloo & South Bank,E09000022,Lambeth,3872,351,1076,2119,278,48,9.07,27.79,54.73,7.18,1.24
E05014119,West Dulwich,E09000022,Lambeth,4765,1371,1281,1758,304,51,28.77,26.88,36.89,6.38,1.07
