ward code,ward name,local authority code,local authority name,Usual residents aged 16+,none,Level 1,Level 2,Apprentice-ship,Level 3,Level 4+,Other
E09000001,City of London,E09000001,City of London,8009,531,222,395,81,710,5936,134
E05014053,Abbey,E09000002,Barking and Dagenham,2961,501,232,249,74,326,1445,134
E05014054,Alibon,E09000002,Barking and Dagenham,7467,1814,809,935,342,949,2328,290
E05014055,Barking Riverside,E09000002,Barking and Dagenham,6886,1105,581,840,217,919,3011,213
E05014056,Beam,E09000002,Barking and Dagenham,6091,1429,712,798,235,778,1908,231
E05014057,Becontree,E09000002,Barking and Dagenham,7141,1711,781,891,267,1033,2170,288
E05014058,Chadwell Heath,E09000002,Barking and Dagenham,10294,2375,1079,1295,426,1456,3302,361
E05014059,Eastbrook & Rush Green,E09000002,Barking and Dagenham,6865,1676,732,848,350,963,2076,220
E05014060,Eastbury,E09000002,Barking and Dagenham,11730,2854,1249,1402,505,1551,3741,428
E05014061,Gascoigne,E09000002,Barking and Dagenham,7561,1427,720,840,200,1022,3048,304
E05014062,Goresbrook,E09000002,Barking and Dagenham,10167,2568,1175,1311,404,1373,2965,371
E05014063,Heath,E09000002,Barking and Dagenham,6743,1545,710,902,281,887,2200,218
E05014064,Longbridge,E09000002,Barking and Dagenham,10316,2044,1050,1348,291,1594,3579,410
E05014065,Mayesbrook,E09000002,Barking and Dagenham,11395,2703,1147,1479,481,1444,3733,408
E05014066,Northbury,E09000002,Barking and Dagenham,9717,2043,1000,1058,309,1254,3646,407
E05014067,Parsloes,E09000002,Barking and Dagenham,11421,2831,1209,1595,470,1591,3316,409
E05014068,Thames View,E09000002,Barking and Dagenham,4106,966,422,522,149,534,1373,140
E05014069,Valence,E09000002,Barking and Dagenham,11186,2850,1179,1543,482,1532,3152,448
E05014070,Village,E09000002,Barking and Dagenham,9358,2230,931,1248,407,1219,2991,332
E05014071,Whalebone,E09000002,Barking and Dagenham,10359,2134,1024,1260,372,1401,3809,359
E05013628,Barnet Vale,E09000003,Barnet,13953,1737,998,1495,437,1877,7036,373
E05013629,Brunswick Park,E09000003,Barnet,13023,1981,1033,1508,496,1805,5828,372
E05013630,Burnt Oak,E09000003,Barnet,16760,3928,1628,1775,636,2190,5901,702
E05013631,Childs Hill,E09000003,Barnet,15650,2269,890,1329,450,1787,8429,496
E05013632,Colindale North,E09000003,Barnet,9758,1950,823,958,324,1265,4056,382
E05013633,Colindale South,E09000003,Barnet,15339,2274,975,1284,405,1937,7876,588
E05013634,Cricklewood,E09000003,Barnet,8164,1674,660,803,273,1076,3354,324
E05013635,East Barnet,E09000003,Barnet,14214,2165,1151,1668,591,1977,6249,413
E05013636,East Finchley,E09000003,Barnet,13255,1671,736,1173,355,1492,7492,336
E05013637,Edgware,E09000003,Barnet,15503,2386,1116,1537,464,1808,7672,520
E05013638,Edgwarebury,E09000003,Barnet,9224,1505,729,1100,309,1295,3994,292
E05013639,Finchley Church End,E09000003,Barnet,15224,2021,803,1321,402,1665,8562,450
E05013640,Friern Barnet,E09000003,Barnet,15115,2400,1075,1529,494,1960,7160,497
E05013641,Garden Suburb,E09000003,Barnet,10045,843,424,855,161,1032,6523,207
E05013642,Golders Green,E09000003,Barnet,10775,1809,825,1476,277,1379,4607,402
E05013643,Hendon,E09000003,Barnet,17172,2674,1166,1603,587,2502,8036,604
E05013644,High Barnet,E09000003,Barnet,9815,1320,630,1020,309,1186,5116,234
E05013645,Mill Hill,E09000003,Barnet,14188,1990,934,1502,437,1726,7219,380
E05013646,Totteridge & Woodside,E09000003,Barnet,11855,1266,615,1072,281,1278,7069,274
E05013647,Underhill,E09000003,Barnet,9933,1724,846,1135,368,1338,4260,262
E05013648,West Finchley,E09000003,Barnet,15587,2092,925,1302,420,1735,8660,453
E05013649,West Hendon,E09000003,Barnet,14253,2832,1092,1234,501,1714,6311,569
E05013650,Whetstone,E09000003,Barnet,8860,1198,513,837,271,1099,4688,254
E05013651,Woodhouse,E09000003,Barnet,11598,2040,732,1159,378,1391,5518,380
E05011217,Barnehurst,E09000004,Bexley,9278,1721,1161,1413,527,1559,2632,265
E05011218,Belvedere,E09000004,Bexley,13727,2762,1424,1821,642,2018,4581,479
E05011219,Bexleyheath,E09000004,Bexley,12977,2309,1403,1930,791,2132,4040,372
E05011220,Blackfen & Lamorbey,E09000004,Bexley,13113,2194,1503,2086,791,2495,3664,380
E05011221,Blendon & Penhill,E09000004,Bexley,12540,2018,1438,2112,724,2358,3527,363
E05011222,Crayford,E09000004,Bexley,12658,2362,1463,1904,703,2114,3723,389
E05011223,Crook Log,E09000004,Bexley,12808,2174,1367,1860,713,2059,4269,366
E05011224,East Wickham,E09000004,Bexley,13129,2697,1449,1896,728,2043,3924,392
E05011225,Erith,E09000004,Bexley,9481,1751,946,1231,414,1466,3382,291
E05011226,Falconwood & Welling,E09000004,Bexley,13214,2298,1466,1916,699,2284,4125,426
E05011227,Longlands,E09000004,Bexley,8294,1255,827,1238,429,1483,2842,220
E05011228,Northumberland Heath,E09000004,Bexley,8627,1754,1111,1296,455,1441,2314,256
E05011229,St Mary's & St James,E09000004,Bexley,8766,1389,903,1333,453,1474,2984,230
E05011230,Sidcup,E09000004,Bexley,12951,2257,1265,1789,646,2348,4293,353
E05011231,Slade Green & Northend,E09000004,Bexley,9541,2027,1037,1238,358,1289,3340,252
E05011232,Thamesmead East,E09000004,Bexley,11955,2306,1226,1492,453,1658,4504,316
E05011233,West Heath,E09000004,Bexley,12727,2310,1412,1969,704,2271,3687,374
E05013496,Alperton,E09000005,Brent,12054,3631,1295,1148,397,1254,3734,595
E05013497,Barnhill,E09000005,Brent,9096,1872,734,848,275,1152,3865,350
E05013498,Brondesbury Park,E09000005,Brent,11355,1846,735,911,367,1314,5801,381
E05013499,Cricklewood & Mapesbury,E09000005,Brent,11588,2270,871,905,455,1295,5404,388
E05013500,Dollis Hill,E09000005,Brent,16866,4507,1599,1704,707,2148,5533,668
E05013501,Harlesden & Kensal Green,E09000005,Brent,15979,3607,1442,1531,620,2017,6102,660
E05013502,Kenton,E09000005,Brent,14684,3060,1199,1470,425,1683,6350,497
E05013503,Kilburn,E09000005,Brent,14184,2370,981,1198,421,1796,6985,433
E05013504,Kingsbury,E09000005,Brent,9240,1874,824,940,327,1253,3629,393
E05013505,Northwick Park,E09000005,Brent,10132,1647,754,934,357,1417,4650,373
E05013506,Preston,E09000005,Brent,9956,2021,874,1013,372,1153,4072,451
E05013507,Queens Park,E09000005,Brent,13898,1797,781,1177,357,1668,7765,353
E05013508,Queensbury,E09000005,Brent,13865,3328,1228,1398,479,1667,5229,536
E05013509,Roundwood,E09000005,Brent,12887,3100,1336,1482,505,1678,4287,499
E05013510,Stonebridge,E09000005,Brent,15577,3704,1588,1772,553,2222,5160,578
E05013511,Sudbury,E09000005,Brent,11079,2497,1103,1032,362,1321,4246,518
E05013512,Tokyngton,E09000005,Brent,8263,2172,916,827,326,1065,2542,415
E05013513,Welsh Harp,E09000005,Brent,14582,3626,1410,1456,618,1893,4948,631
E05013514,Wembley Central,E09000005,Brent,14638,4391,1703,1406,482,1431,4444,781
E05013515,Wembley Hill,E09000005,Brent,12776,2914,1420,1252,469,1368,4617,736
E05013516,Wembley Park,E09000005,Brent,6640,400,232,396,82,1624,3726,180
E05013517,Willesden Green,E09000005,Brent,15763,3152,1253,1326,578,1943,6877,634
E05013987,Beckenham Town & Copers Cope,E09000006,Bromley,13437,1349,881,1394,426,1833,7257,297
E05013988,Bickley & Sundridge,E09000006,Bromley,14421,1621,1049,1794,491,2073,7052,341
E05013989,Biggin Hill,E09000006,Bromley,8987,1477,1035,1591,551,1694,2388,251
E05013990,Bromley Common & Holwood,E09000006,Bromley,15011,2304,1392,2109,697,2368,5776,365
E05013991,Bromley Town,E09000006,Bromley,12817,1295,876,1423,417,1789,6729,288
E05013992,Chelsfield,E09000006,Bromley,9197,1233,775,1314,398,1346,3902,229
E05013993,Chislehurst,E09000006,Bromley,12536,1655,959,1647,447,1829,5696,303
E05013994,Clock House,E09000006,Bromley,13648,1546,1046,1567,410,1830,6977,272
E05013995,Crystal Palace & Anerley,E09000006,Bromley,9950,1418,657,886,310,1256,5135,288
E05013996,Darwin,E09000006,Bromley,4579,820,441,737,253,769,1422,137
E05013997,Farnborough & Crofton,E09000006,Bromley,14338,1948,1330,2134,610,2234,5682,400
E05013998,Hayes & Coney Hall,E09000006,Bromley,12634,1526,1187,2002,570,2186,4828,335
E05013999,Kelsey & Eden Park,E09000006,Bromley,12426,1656,1079,1669,504,1886,5308,324
E05014000,Mottingham,E09000006,Bromley,8945,1715,919,1265,409,1266,3120,251
E05014001,Orpington,E09000006,Bromley,9883,1525,995,1393,452,1426,3823,269
E05014002,Penge & Cator,E09000006,Bromley,15389,2127,1185,1620,446,1947,7656,408
E05014003,Petts Wood & Knoll,E09000006,Bromley,13503,1504,1126,1870,481,2008,6173,341
E05014004,Plaistow,E09000006,Bromley,10178,1471,853,1267,380,1467,4477,263
E05014005,Shortlands & Park Langley,E09000006,Bromley,13330,1261,967,1675,430,1875,6824,298
E05014006,St Mary Cray,E09000006,Bromley,14825,2891,1686,2194,728,2238,4680,408
E05014007,St Paul's Cray,E09000006,Bromley,13064,2781,1528,1927,636,2017,3806,369
E05014008,West Wickham,E09000006,Bromley,12018,1474,1079,1804,491,2059,4796,315
E05013652,Belsize,E09000007,Camden,10058,567,223,445,124,881,7596,222
E05013653,Bloomsbury,E09000007,Camden,10643,905,437,545,178,3134,5099,345
E05013654,Camden Square,E09000007,Camden,6083,762,328,475,126,943,3307,142
E05013655,Camden Town,E09000007,Camden,5894,734,329,440,137,915,3203,136
E05013656,Fortune Green,E09000007,Camden,9662,1006,411,635,172,991,6229,218
E05013657,Frognal,E09000007,Camden,6257,480,173,402,83,577,4386,156
E05013658,Gospel Oak,E09000007,Camden,9749,1392,589,806,206,1149,5331,276
E05013659,Hampstead Town,E09000007,Camden,6684,361,176,376,55,549,5058,109
E05013660,Haverstock,E09000007,Camden,9869,1537,643,895,270,1342,4921,261
E05013661,Highgate,E09000007,Camden,8575,873,415,703,174,952,5282,176
E05013662,Holborn & Covent Garden,E09000007,Camden,9081,1185,531,686,177,1284,4934,284
E05013663,Kentish Town North,E09000007,Camden,6251,612,279,419,93,753,3962,133
E05013664,Kentish Town South,E09000007,Camden,8694,1143,479,655,205,1243,4749,220
E05013665,Kilburn,E09000007,Camden,9951,1832,769,861,250,1196,4723,320
E05013666,King's Cross,E09000007,Camden,10038,1233,511,713,189,2168,4923,301
E05013667,Primrose Hill,E09000007,Camden,10232,1074,425,717,183,1078,6460,295
E05013668,Regent's Park,E09000007,Camden,10041,1554,688,838,202,1947,4513,299
E05013669,St Pancras & Somers Town,E09000007,Camden,10303,1904,800,969,273,2027,4003,327
E05013670,South Hampstead,E09000007,Camden,10089,899,372,571,143,956,6893,255
E05013671,West Hampstead,E09000007,Camden,9702,912,385,610,172,1058,6340,225
E05011462,Addiscombe East,E09000008,Croydon,9692,1415,862,1122,379,1418,4241,255
E05011463,Addiscombe West,E09000008,Croydon,12502,1916,985,1338,419,1704,5778,362
E05011464,Bensham Manor,E09000008,Croydon,13393,2568,1353,1603,547,1867,4961,494
E05011465,Broad Green,E09000008,Croydon,15307,3208,1561,1944,530,2240,5263,561
E05011466,Coulsdon Town,E09000008,Croydon,11894,1383,929,1551,414,1937,5409,271
E05011467,Crystal Palace & Upper Norwood,E09000008,Croydon,13145,1594,976,1253,408,1735,6822,357
E05011468,Fairfield,E09000008,Croydon,12901,1640,871,1150,382,1625,6813,420
E05011469,Kenley,E09000008,Croydon,8373,942,707,1155,332,1360,3661,216
E05011470,New Addington North,E09000008,Croydon,8027,2168,1000,1257,296,1115,1960,231
E05011471,New Addington South,E09000008,Croydon,8601,2257,1086,1243,403,1183,2171,258
E05011472,Norbury & Pollards Hill,E09000008,Croydon,10095,1826,855,1151,389,1351,4134,389
E05011473,Norbury Park,E09000008,Croydon,8575,1472,751,977,301,1222,3609,243
E05011474,Old Coulsdon,E09000008,Croydon,7839,1234,745,1153,361,1337,2799,210
E05011475,Park Hill & Whitgift,E09000008,Croydon,4679,516,259,413,149,543,2693,106
E05011476,Purley & Woodcote,E09000008,Croydon,13457,1664,955,1626,395,1841,6615,361
E05011477,Purley Oaks & Riddlesdown,E09000008,Croydon,8445,891,677,1079,264,1292,4050,192
E05011478,Sanderstead,E09000008,Croydon,12561,1492,1077,1705,492,1998,5492,305
E05011479,Selhurst,E09000008,Croydon,9884,1953,1026,1217,394,1460,3493,341
E05011480,Selsdon & Addington Village,E09000008,Croydon,8467,1289,837,1222,382,1337,3145,255
E05011481,Selsdon Vale & Forestdale,E09000008,Croydon,7808,1098,866,1152,393,1378,2694,227
E05011482,Shirley North,E09000008,Croydon,12460,2179,1318,1712,595,2013,4294,349
E05011483,Shirley South,E09000008,Croydon,8712,1409,851,1305,379,1393,3163,212
E05011484,South Croydon,E09000008,Croydon,13801,1665,1079,1586,488,2001,6651,331
E05011485,South Norwood,E09000008,Croydon,13161,2186,1141,1457,493,1799,5637,448
E05011486,Thornton Heath,E09000008,Croydon,14319,2551,1419,1691,574,2148,5429,507
E05011487,Waddon,E09000008,Croydon,14311,2443,1317,1777,531,2126,5709,408
E05011488,West Thornton,E09000008,Croydon,14456,2897,1589,1675,584,2022,5152,537
E05011489,Woodside,E09000008,Croydon,13614,2024,1281,1734,520,2130,5518,407
E05013518,Central Greenford,E09000009,Ealing,11296,2141,1048,1238,566,1566,4305,432
E05013519,Dormers Wells,E09000009,Ealing,11986,3183,1389,1346,408,1549,3452,659
E05013520,Ealing Broadway,E09000009,Ealing,12023,1135,476,757,238,1200,7892,325
E05013521,Ealing Common,E09000009,Ealing,13461,1521,667,988,341,1574,8005,365
E05013522,East Acton,E09000009,Ealing,13071,2062,945,1116,451,1706,6247,544
E05013523,Greenford Broadway,E09000009,Ealing,13204,2744,1324,1449,651,1809,4614,613
E05013524,Hanger Hill,E09000009,Ealing,13568,1619,742,977,380,1501,7860,489
E05013525,Hanwell Broadway,E09000009,Ealing,11997,1795,818,1160,445,1580,5837,362
E05013526,Lady Margaret,E09000009,Ealing,12970,3252,1497,1355,493,1669,3964,740
E05013527,North Acton,E09000009,Ealing,15450,2186,860,1140,477,3107,7108,572
E05013528,North Greenford,E09000009,Ealing,13211,2493,1176,1426,558,1803,5198,557
E05013529,North Hanwell,E09000009,Ealing,11762,2016,959,1293,492,1607,4987,408
E05013530,Northfield,E09000009,Ealing,11507,1094,578,918,309,1338,6964,306
E05013531,Northolt Mandeville,E09000009,Ealing,13655,2890,1368,1557,611,1859,4833,537
E05013532,Northolt West End,E09000009,Ealing,12478,2985,1403,1405,522,1732,3957,474
E05013533,Norwood Green,E09000009,Ealing,12253,2943,1270,1253,317,1625,4216,629
E05013534,Perivale,E09000009,Ealing,13217,2659,1096,1302,622,1816,5120,602
E05013535,Pitshanger,E09000009,Ealing,12088,1526,759,1143,334,1532,6391,403
E05013536,South Acton,E09000009,Ealing,13916,2075,847,1114,433,1641,7286,520
E05013537,Southall Broadway,E09000009,Ealing,8810,2672,1007,915,289,925,2271,731
E05013538,Southall Green,E09000009,Ealing,12785,3982,1667,1263,368,1351,3101,1053
E05013539,Southall West,E09000009,Ealing,5313,1600,729,593,150,584,1291,366
E05013540,Southfield,E09000009,Ealing,13335,1075,500,904,281,1487,8834,254
E05013541,Walpole,E09000009,Ealing,12055,1288,704,830,282,1345,7286,320
E05013672,Arnos Grove,E09000010,Enfield,7204,1107,494,716,263,877,3530,217
E05013673,Bowes,E09000010,Enfield,8746,2191,819,886,352,1127,3015,356
E05013674,Brimsdown,E09000010,Enfield,12257,3494,1255,1446,532,1664,3451,415
E05013675,Bullsmoor,E09000010,Enfield,8694,2442,903,1072,355,1227,2379,316
E05013676,Bush Hill Park,E09000010,Enfield,10712,1898,951,1208,458,1579,4311,307
E05013677,Carterhatch,E09000010,Enfield,9406,2696,1056,1196,378,1260,2485,335
E05013678,Cockfosters,E09000010,Enfield,8226,1488,589,860,259,1069,3676,285
E05013679,Edmonton Green,E09000010,Enfield,12801,3822,1409,1447,481,1659,3527,456
E05013680,Enfield Lock,E09000010,Enfield,13246,3400,1352,1571,530,1876,4082,435
E05013681,Grange Park,E09000010,Enfield,6981,986,485,805,273,932,3311,189
E05013682,Haselbury,E09000010,Enfield,14056,3877,1637,1591,580,1853,3989,529
E05013683,Highfield,E09000010,Enfield,7734,1780,756,817,298,1049,2759,275
E05013684,Jubilee,E09000010,Enfield,12496,3627,1326,1433,546,1655,3471,438
E05013685,Lower Edmonton,E09000010,Enfield,12537,3569,1395,1484,438,1718,3503,430
E05013686,New Southgate,E09000010,Enfield,9046,1593,696,840,344,1077,4171,325
E05013687,Oakwood,E09000010,Enfield,6914,1018,551,728,237,980,3230,170
E05013688,Palmers Green,E09000010,Enfield,8880,1561,612,826,342,1007,4246,286
E05013689,Ponders End,E09000010,Enfield,9901,2819,1081,1177,350,1245,2901,328
E05013690,Ridgeway,E09000010,Enfield,10399,1596,894,1237,403,1445,4542,282
E05013691,Southbury,E09000010,Enfield,11747,2226,1084,1451,461,1717,4484,324
E05013692,Southgate,E09000010,Enfield,12243,2078,891,1273,416,1485,5714,386
E05013693,Town,E09000010,Enfield,10607,1609,903,1324,466,1538,4504,263
E05013694,Upper Edmonton,E09000010,Enfield,12676,3629,1398,1345,452,1627,3738,487
E05013695,Whitewebbs,E09000010,Enfield,11201,2088,1065,1399,555,1686,4123,285
E05013696,Winchmore Hill,E09000010,Enfield,8460,1226,543,847,284,1115,4228,217
E05014072,Abbey Wood,E09000011,Greenwich,13172,2810,1290,1530,549,1743,4852,398
E05014073,Blackheath Westcombe,E09000011,Greenwich,12236,1234,572,960,251,1287,7700,232
E05014074,Charlton Hornfair,E09000011,Greenwich,9730,1598,732,974,316,1246,4648,216
E05014075,Charlton Village & Riverside,E09000011,Greenwich,8205,1496,734,909,336,1006,3480,244
E05014076,East Greenwich,E09000011,Greenwich,11928,1228,572,815,280,1329,7478,226
E05014077,Eltham Page,E09000011,Greenwich,7767,1910,772,940,301,1062,2559,223
E05014078,Eltham Park & Progress,E09000011,Greenwich,8320,1271,757,1030,370,1278,3402,212
E05014079,Eltham Town & Avery Hill,E09000011,Greenwich,12591,2129,1048,1512,543,2155,4871,333
E05014080,Greenwich Creekside,E09000011,Greenwich,9433,888,399,650,162,1407,5707,220
E05014081,Greenwich Park,E09000011,Greenwich,8701,901,397,596,179,1070,5388,170
E05014082,Greenwich Peninsula,E09000011,Greenwich,9423,660,384,552,162,1069,6388,208
E05014083,Kidbrooke Park,E09000011,Greenwich,8154,1501,698,913,312,1093,3404,233
E05014084,Kidbrooke Village & Sutcliffe,E09000011,Greenwich,4856,582,281,360,116,539,2864,114
E05014085,Middle Park & Horn Park,E09000011,Greenwich,7410,1684,786,934,317,930,2550,209
E05014086,"Mottingham, Coldharbour & New Eltham",E09000011,Greenwich,11643,2234,1086,1607,584,1695,4108,329
E05014087,Plumstead & Glyndon,E09000011,Greenwich,17109,3975,1864,1883,630,2131,5971,655
E05014088,Plumstead Common,E09000011,Greenwich,12328,2468,1223,1354,520,1742,4640,381
E05014089,Shooters Hill,E09000011,Greenwich,9235,1426,788,1050,357,1313,4052,249
E05014090,Thamesmead Moorings,E09000011,Greenwich,9094,1772,861,1093,342,1203,3601,222
E05014091,West Thamesmead,E09000011,Greenwich,9165,1455,861,1116,376,1228,3763,366
E05014092,Woolwich Arsenal,E09000011,Greenwich,10339,1190,548,767,238,1179,6143,274
E05014093,Woolwich Common,E09000011,Greenwich,10156,2044,921,1210,389,1283,3980,329
E05014094,Woolwich Dockyard,E09000011,Greenwich,8756,1885,786,984,328,1131,3390,252
E05009367,Brownswood,E09000012,Hackney,7684,911,365,476,155,797,4845,135
E05009368,Cazenove,E09000012,Hackney,11037,2627,898,1096,296,1211,4522,387
E05009369,Clissold,E09000012,Hackney,10374,1236,489,766,229,1071,6389,194
E05009370,Dalston,E09000012,Hackney,7901,779,322,457,150,837,5187,169
E05009371,De Beauvoir,E09000012,Hackney,7542,956,338,487,143,749,4696,173
E05009372,Hackney Central,E09000012,Hackney,10716,1715,665,891,242,1320,5646,237
E05009373,Hackney Downs,E09000012,Hackney,10864,1653,668,862,303,1246,5858,274
E05009374,Hackney Wick,E09000012,Hackney,10143,1825,718,1008,272,1402,4693,225
E05009375,Haggerston,E09000012,Hackney,12258,1953,699,955,228,1391,6751,281
E05009376,Homerton,E09000012,Hackney,10492,1880,745,907,271,1377,5035,277
E05009377,Hoxton East & Shoreditch,E09000012,Hackney,10442,1411,536,709,216,1167,6115,288
E05009378,Hoxton West,E09000012,Hackney,11870,1681,636,836,264,1384,6726,343
E05009379,King's Park,E09000012,Hackney,10540,1925,703,1013,312,1352,4943,292
E05009380,Lea Bridge,E09000012,Hackney,11560,1742,699,967,235,1342,6275,300
E05009381,London Fields,E09000012,Hackney,10410,1598,558,753,212,1152,5887,250
E05009382,Shacklewell,E09000012,Hackney,7204,1128,430,576,149,816,3923,182
E05009383,Springfield,E09000012,Hackney,10496,3190,912,1284,295,1246,3126,443
E05009384,Stamford Hill West,E09000012,Hackney,6911,1948,523,857,265,759,2320,239
E05009385,Stoke Newington,E09000012,Hackney,11295,1445,545,827,251,1243,6755,229
E05009386,Victoria,E09000012,Hackney,10122,1585,579,886,215,1207,5440,210
E05009387,Woodberry Down,E09000012,Hackney,9600,1858,762,816,239,1093,4600,232
E05013733,Addison,E09000013,Hammersmith and Fulham,6692,785,334,481,145,831,3941,175
E05013734,Avonmore,E09000013,Hammersmith and Fulham,6705,764,317,389,158,855,3985,237
E05013735,Brook Green,E09000013,Hammersmith and Fulham,6849,564,230,427,140,838,4497,153
E05013736,College Park & Old Oak,E09000013,Hammersmith and Fulham,8513,1526,607,763,275,1092,3931,319
E05013737,Coningham,E09000013,Hammersmith and Fulham,9218,1275,582,698,252,1233,4936,242
E05013738,Fulham Reach,E09000013,Hammersmith and Fulham,10164,1106,525,632,230,1509,5887,275
E05013739,Fulham Town,E09000013,Hammersmith and Fulham,6350,443,204,363,113,777,4341,109
E05013740,Grove,E09000013,Hammersmith and Fulham,6241,663,281,396,115,701,3904,181
E05013741,Hammersmith Broadway,E09000013,Hammersmith and Fulham,6565,914,422,523,134,932,3477,163
E05013742,Lillie,E09000013,Hammersmith and Fulham,5795,772,336,408,153,809,3116,201
E05013743,Munster,E09000013,Hammersmith and Fulham,10493,959,377,698,161,1371,6682,245
E05013744,Palace & Hurlingham,E09000013,Hammersmith and Fulham,9342,854,374,709,175,1178,5826,226
E05013745,Parsons Green & Sandford,E09000013,Hammersmith and Fulham,6393,494,223,423,77,781,4245,150
E05013746,Ravenscourt,E09000013,Hammersmith and Fulham,5968,590,243,432,127,697,3678,201
E05013747,Sands End,E09000013,Hammersmith and Fulham,9096,1000,450,654,179,1162,5450,201
E05013748,Shepherd's Bush Green,E09000013,Hammersmith and Fulham,4709,720,320,384,154,604,2362,165
E05013749,Walham Green,E09000013,Hammersmith and Fulham,6603,836,339,508,176,879,3714,151
E05013750,Wendell Park,E09000013,Hammersmith and Fulham,5989,624,262,494,135,721,3604,149
E05013751,West Kensington,E09000013,Hammersmith and Fulham,8339,1047,440,610,244,1135,4610,253
E05013752,White City,E09000013,Hammersmith and Fulham,8312,1426,607,836,246,1130,3785,282
E05013753,Wormholt,E09000013,Hammersmith and Fulham,6366,993,423,579,165,924,3085,197
E05013585,Alexandra Park,E09000014,Haringey,6940,529,279,543,98,796,4553,142
E05013586,Bounds Green,E09000014,Haringey,7963,1387,592,728,287,959,3738,272
E05013587,Bruce Castle,E09000014,Haringey,10949,3156,1019,1035,432,1375,3551,381
E05013588,Crouch End,E09000014,Haringey,10822,827,424,724,178,1075,7404,190
E05013589,Fortis Green,E09000014,Haringey,10194,918,381,878,195,1186,6469,167
E05013590,Harringay,E09000014,Haringey,12377,2014,718,817,367,1272,6792,397
E05013591,Hermitage & Gardens,E09000014,Haringey,7670,1413,510,586,227,889,3759,286
E05013592,Highgate,E09000014,Haringey,10498,698,308,691,159,975,7503,164
E05013593,Hornsey,E09000014,Haringey,12262,1423,640,984,219,1351,7371,274
E05013594,Muswell Hill,E09000014,Haringey,7297,594,252,533,115,721,4955,127
E05013595,Noel Park,E09000014,Haringey,11734,2663,933,1061,447,1563,4668,399
E05013596,Northumberland Park,E09000014,Haringey,11510,3240,1132,1215,520,1421,3519,463
E05013597,St Ann's,E09000014,Haringey,8445,1894,715,693,356,929,3535,323
E05013598,Seven Sisters,E09000014,Haringey,7470,1722,657,702,283,964,2865,277
E05013599,South Tottenham,E09000014,Haringey,12717,3240,1044,1388,479,1473,4489,604
E05013600,Stroud Green,E09000014,Haringey,9419,906,416,648,183,958,6147,161
E05013601,Tottenham Central,E09000014,Haringey,11988,2682,987,1041,533,1399,4912,434
E05013602,Tottenham Hale,E09000014,Haringey,9719,2042,799,854,310,1606,3808,300
E05013603,West Green,E09000014,Haringey,12259,2596,967,1055,433,1443,5308,457
E05013604,White Hart Lane,E09000014,Haringey,11039,3044,963,1147,429,1455,3627,374
E05013605,Woodside,E09000014,Haringey,12760,2938,988,1074,517,1464,5312,467
E05013542,Belmont,E09000015,Harrow,7330,1180,590,884,238,897,3338,203
E05013543,Canons,E09000015,Harrow,7590,1222,525,753,213,857,3763,257
E05013544,Centenary,E09000015,Harrow,11640,2284,990,1219,318,1458,4989,382
E05013545,Edgware,E09000015,Harrow,12783,3142,1244,1356,467,1519,4572,483
E05013546,Greenhill,E09000015,Harrow,9279,1354,569,721,240,948,5127,320
E05013547,Harrow on the Hill,E09000015,Harrow,8609,1217,545,1011,280,990,4321,245
E05013548,Harrow Weald,E09000015,Harrow,11802,2329,1012,1365,427,1680,4606,383
E05013549,Hatch End,E09000015,Harrow,7632,1009,540,792,223,907,3973,188
E05013550,Headstone,E09000015,Harrow,11999,1591,832,1123,344,1529,6234,346
E05013551,Kenton East,E09000015,Harrow,11806,3019,1169,1209,403,1423,4110,473
E05013552,Kenton West,E09000015,Harrow,8001,1526,744,859,257,971,3381,263
E05013553,Marlborough,E09000015,Harrow,8980,1526,684,843,307,1103,4190,327
E05013554,North Harrow,E09000015,Harrow,7562,988,600,721,231,952,3862,208
E05013555,Pinner,E09000015,Harrow,10751,1324,719,1064,297,1328,5740,279
E05013556,Pinner South,E09000015,Harrow,11932,1247,749,1129,360,1408,6803,236
E05013557,Rayners Lane,E09000015,Harrow,7635,1198,709,856,210,1044,3376,242
E05013558,Roxbourne,E09000015,Harrow,7688,1492,785,851,254,1134,2945,227
E05013559,Roxeth,E09000015,Harrow,12599,2348,1188,1404,452,1836,4899,472
E05013560,Stanmore,E09000015,Harrow,11225,1988,897,1206,360,1283,5099,392
E05013561,Wealdstone North,E09000015,Harrow,7974,1743,711,909,282,1091,2952,286
E05013562,Wealdstone South,E09000015,Harrow,6312,1430,630,672,245,826,2261,248
E05013563,West Harrow,E09000015,Harrow,8453,1293,720,901,244,1230,3781,284
E05013967,Beam Park,E09000016,Havering,3976,865,461,557,186,565,1224,118
E05013968,Cranham,E09000016,Havering,10547,1738,1168,1786,505,1959,3087,304
E05013969,Elm Park,E09000016,Havering,13182,2852,1528,1904,711,2103,3664,420
E05013970,Emerson Park,E09000016,Havering,7726,1433,748,1101,391,1247,2565,241
E05013971,Gooshays,E09000016,Havering,13214,3173,1598,1979,615,1923,3528,398
E05013972,Hacton,E09000016,Havering,7556,1466,848,1189,488,1366,1973,226
E05013973,Harold Wood,E09000016,Havering,11369,1945,1139,1608,579,1914,3876,308
E05013974,Havering-atte-Bower,E09000016,Havering,12800,2980,1572,1896,693,2087,3160,412
E05013975,Heaton,E09000016,Havering,13242,3290,1611,1897,574,1872,3586,412
E05013976,Hylands & Harrow Lodge,E09000016,Havering,11685,2143,1367,1837,688,2020,3295,335
E05013977,Marshalls & Rise Park,E09000016,Havering,10822,2034,1209,1619,582,1732,3276,370
E05013978,Mawneys,E09000016,Havering,11533,2478,1366,1767,655,1894,3035,338
E05013979,Rainham & Wennington,E09000016,Havering,10811,2526,1307,1599,598,1705,2736,340
E05013980,Rush Green & Crowlands,E09000016,Havering,12187,2291,1197,1600,529,1798,4360,412
E05013981,St Alban's,E09000016,Havering,6481,1172,681,895,297,982,2289,165
E05013982,St Andrew's,E09000016,Havering,11925,2386,1335,1821,699,2061,3276,347
E05013983,St Edward's,E09000016,Havering,8563,1588,788,1098,352,1319,3177,241
E05013984,South Hornchurch,E09000016,Havering,8333,1884,982,1288,452,1362,2111,254
E05013985,Squirrels Heath,E09000016,Havering,12709,2040,1370,1923,621,2173,4244,338
E05013986,Upminster,E09000016,Havering,11034,1674,1158,1847,551,2026,3467,311
E05013564,Belmore,E09000017,Hillingdon,13410,3257,1603,1517,527,1833,4020,653
E05013565,Charville,E09000017,Hillingdon,9018,2001,1065,1131,398,1284,2738,401
E05013566,Colham & Cowley,E09000017,Hillingdon,15614,2991,1512,1800,644,3192,4958,517
E05013567,Eastcote,E09000017,Hillingdon,13625,1741,1116,1640,594,2055,6107,372
E05013568,Harefield Village,E09000017,Hillingdon,4701,884,499,651,285,720,1539,123
E05013569,Hayes Town,E09000017,Hillingdon,11826,2610,1287,1274,412,1408,4201,634
E05013570,Heathrow Villages,E09000017,Hillingdon,11070,2453,1409,1324,536,1313,3448,587
E05013571,Hillingdon East,E09000017,Hillingdon,12213,2131,1224,1555,570,1896,4438,399
E05013572,Hillingdon West,E09000017,Hillingdon,7799,1115,620,877,293,1116,3544,234
E05013573,Ickenham & South Harefield,E09000017,Hillingdon,12545,1554,1042,1531,609,1865,5621,323
E05013574,Northwood,E09000017,Hillingdon,9292,1099,579,949,294,1025,5118,228
E05013575,Northwood Hills,E09000017,Hillingdon,9511,1423,750,1044,358,1247,4414,275
E05013576,Pinkwell,E09000017,Hillingdon,13068,3136,1578,1507,475,1747,3901,724
E05013577,Ruislip,E09000017,Hillingdon,12746,1732,1054,1596,630,1847,5544,343
E05013578,Ruislip Manor,E09000017,Hillingdon,8734,1205,829,1185,474,1385,3404,252
E05013579,South Ruislip,E09000017,Hillingdon,13458,1958,1253,1690,650,2207,5308,392
E05013580,Uxbridge,E09000017,Hillingdon,15075,2065,1132,1535,541,3183,6121,498
E05013581,West Drayton,E09000017,Hillingdon,14178,2824,1374,1670,575,1853,5408,474
E05013582,Wood End,E09000017,Hillingdon,14717,3635,1762,1733,590,1955,4408,634
E05013583,Yeading,E09000017,Hillingdon,10157,2238,1203,1241,450,1463,3165,397
E05013584,Yiewsley,E09000017,Hillingdon,9150,1872,976,1066,397,1262,3261,316
E05013606,Bedfont,E09000018,Hounslow,11955,2764,1500,1428,534,1591,3554,584
E05013607,Brentford East,E09000018,Hounslow,6741,1170,553,636,227,815,3109,231
E05013608,Brentford West,E09000018,Hounslow,6926,943,504,668,214,940,3451,206
E05013609,Chiswick Gunnersbury,E09000018,Hounslow,10746,1069,509,820,245,1231,6541,331
E05013610,Chiswick Homefields,E09000018,Hounslow,11384,1086,502,917,229,1323,7055,272
E05013611,Chiswick Riverside,E09000018,Hounslow,8042,693,401,677,154,907,5059,151
E05013612,Cranford,E09000018,Hounslow,12730,3102,1593,1352,453,1466,3951,813
E05013613,Feltham North,E09000018,Hounslow,10137,2637,1213,1126,423,1195,3097,446
E05013614,Feltham West,E09000018,Hounslow,12518,2529,1444,1589,550,1671,4278,457
E05013615,Hanworth Park,E09000018,Hounslow,7942,1584,913,987,365,1043,2757,293
E05013616,Hanworth Village,E09000018,Hounslow,12720,2953,1484,1614,614,1786,3808,461
E05013617,Heston Central,E09000018,Hounslow,11486,2432,1235,1225,394,1333,4197,670
E05013618,Heston East,E09000018,Hounslow,9296,1942,877,936,320,1171,3635,415
E05013619,Heston West,E09000018,Hounslow,11938,3009,1289,1341,345,1512,3816,626
E05013620,Hounslow Central,E09000018,Hounslow,8321,1474,805,712,272,776,3839,443
E05013621,Hounslow East,E09000018,Hounslow,6869,1330,665,642,236,730,2907,359
E05013622,Hounslow Heath,E09000018,Hounslow,12427,2581,1285,1295,514,1462,4531,759
E05013623,Hounslow South,E09000018,Hounslow,11278,1967,978,1216,456,1534,4707,420
E05013624,Hounslow West,E09000018,Hounslow,12653,2712,1529,1183,460,1396,4569,804
E05013625,Isleworth,E09000018,Hounslow,10945,1689,897,1102,397,1470,5068,322
E05013626,Osterley & Spring Grove,E09000018,Hounslow,11881,1515,775,1045,397,1465,6285,399
E05013627,Syon & Brentford Lock,E09000018,Hounslow,9806,1475,751,870,281,1252,4851,326
E05013697,Arsenal,E09000019,Islington,10927,1190,540,648,221,1083,7048,197
E05013698,Barnsbury,E09000019,Islington,10233,1284,491,666,229,1028,6301,234
E05013699,Bunhill,E09000019,Islington,9637,1204,541,666,206,1387,5343,290
E05013700,Caledonian,E09000019,Islington,9638,1579,614,754,245,1370,4719,357
E05013701,Canonbury,E09000019,Islington,10502,1568,586,814,287,1114,5857,276
E05013702,Clerkenwell,E09000019,Islington,9568,1156,457,687,220,1566,5233,249
E05013703,Finsbury Park,E09000019,Islington,12127,1905,850,853,318,1729,6136,336
E05013704,Highbury,E09000019,Islington,11745,1253,467,712,198,1211,7664,240
E05013705,Hillrise,E09000019,Islington,12152,1888,758,1028,303,1518,6372,285
E05013706,Holloway,E09000019,Islington,10711,1456,622,775,254,1508,5818,278
E05013707,Junction,E09000019,Islington,11021,1528,611,803,255,1326,6248,250
E05013708,Laycock,E09000019,Islington,11199,1869,777,830,313,1380,5768,262
E05013709,Mildmay,E09000019,Islington,11918,1692,715,930,242,1333,6761,245
E05013710,St Mary's & St James',E09000019,Islington,10015,1255,472,695,181,1058,6132,222
E05013711,St Peter's & Canalside,E09000019,Islington,9923,1338,499,668,204,1264,5721,229
E05013712,Tollington,E09000019,Islington,11819,1653,663,840,262,1322,6834,245
E05013713,Tufnell Park,E09000019,Islington,10470,1428,600,795,285,1131,6016,215
E05009388,Abingdon,E09000020,Kensington and Chelsea,7069,569,214,424,96,797,4750,219
E05009389,Brompton & Hans Town,E09000020,Kensington and Chelsea,7112,638,281,403,101,865,4564,260
E05009390,Campden,E09000020,Kensington and Chelsea,7062,420,201,418,72,710,5035,206
E05009391,Chelsea Riverside,E09000020,Kensington and Chelsea,6383,916,347,604,136,831,3354,195
E05009392,Colville,E09000020,Kensington and Chelsea,7464,1003,438,609,187,919,4101,207
E05009393,Courtfield,E09000020,Kensington and Chelsea,7176,515,191,309,91,895,4969,206
E05009394,Dalgarno,E09000020,Kensington and Chelsea,5707,1260,446,646,164,810,2187,194
E05009395,Earl's Court,E09000020,Kensington and Chelsea,7927,789,305,411,171,1037,4950,264
E05009396,Golborne,E09000020,Kensington and Chelsea,7622,1446,628,724,243,1076,3265,240
E05009397,Holland,E09000020,Kensington and Chelsea,7670,696,326,542,127,863,4863,253
E05009398,Norland,E09000020,Kensington and Chelsea,4658,418,189,303,53,545,3064,86
E05009399,Notting Dale,E09000020,Kensington and Chelsea,7804,1622,573,866,213,1129,3172,229
E05009400,Pembridge,E09000020,Kensington and Chelsea,4741,318,139,241,94,527,3295,127
E05009401,Queen's Gate,E09000020,Kensington and Chelsea,6615,451,132,314,64,956,4465,233
E05009402,Redcliffe,E09000020,Kensington and Chelsea,7964,613,226,485,94,1068,5191,287
E05009403,Royal Hospital,E09000020,Kensington and Chelsea,7422,727,234,474,170,796,4755,266
E05009404,St Helen's,E09000020,Kensington and Chelsea,5298,710,301,484,154,703,2802,144
E05009405,Stanley,E09000020,Kensington and Chelsea,7357,835,274,534,148,895,4445,226
E05013928,Alexandra,E09000021,Kingston upon Thames,4684,510,327,507,185,739,2301,115
E05013929,Berrylands,E09000021,Kingston upon Thames,5228,434,272,492,154,730,3038,108
E05013930,Canbury Gardens,E09000021,Kingston upon Thames,6266,485,283,496,114,675,4084,129
E05013931,Chessington South & Malden Rushett,E09000021,Kingston upon Thames,7904,1246,831,1072,412,1409,2713,221
E05013932,Coombe Hill,E09000021,Kingston upon Thames,6182,634,301,536,162,746,3634,169
E05013933,Coombe Vale,E09000021,Kingston upon Thames,8162,830,456,760,185,1032,4709,190
E05013934,Green Lane & St James,E09000021,Kingston upon Thames,5492,850,391,561,181,844,2508,157
E05013935,Hook & Chessington North,E09000021,Kingston upon Thames,8567,1571,846,1161,464,1452,2814,259
E05013936,King George's & Sunray,E09000021,Kingston upon Thames,4588,699,466,608,222,777,1665,151
E05013937,Kingston Gate,E09000021,Kingston upon Thames,8418,754,387,713,195,996,5181,192
E05013938,Kingston Town,E09000021,Kingston upon Thames,8896,725,425,681,185,1760,4870,250
E05013939,Motspur Park & Old Malden East,E09000021,Kingston upon Thames,5753,792,411,622,224,852,2680,172
E05013940,New Malden Village,E09000021,Kingston upon Thames,7847,1014,481,727,226,911,4245,243
E05013941,Norbiton,E09000021,Kingston upon Thames,8722,1394,627,810,257,1343,4005,286
E05013942,Old Malden,E09000021,Kingston upon Thames,5425,756,440,637,236,778,2397,181
E05013943,St Mark's & Seething Wells,E09000021,Kingston upon Thames,10183,700,375,689,210,1705,6326,178
E05013944,Surbiton Hill,E09000021,Kingston upon Thames,9044,1026,457,772,244,1153,5173,219
E05013945,Tolworth,E09000021,Kingston upon Thames,8635,1249,646,941,317,1205,4035,242
E05013946,Tudor,E09000021,Kingston upon Thames,5466,482,309,516,163,667,3195,134
E05014095,Brixton Acre Lane,E09000022,Lambeth,13760,1504,671,909,285,1370,8731,290
E05014096,Brixton North,E09000022,Lambeth,13696,2360,1138,1268,375,1884,6324,347
E05014097,Brixton Rush Common,E09000022,Lambeth,12156,1584,761,1024,291,1358,6886,252
E05014098,Brixton Windrush,E09000022,Lambeth,8622,1020,587,691,232,1043,4879,170
E05014099,Clapham Common & Abbeville,E09000022,Lambeth,8625,545,262,430,104,807,6364,113
E05014100,Clapham East,E09000022,Lambeth,8780,1008,415,557,141,955,5514,190
E05014101,Clapham Park,E09000022,Lambeth,11307,1529,795,954,318,1357,6096,258
E05014102,Clapham Town,E09000022,Lambeth,13628,1286,610,782,282,1461,8979,228
E05014103,Gipsy Hill,E09000022,Lambeth,8482,1264,608,839,243,1121,4211,196
E05014104,Herne Hill & Loughborough Junction,E09000022,Lambeth,13394,1509,720,1027,285,1452,8152,249
E05014105,Kennington,E09000022,Lambeth,12696,1843,858,1103,284,1412,6892,304
E05014106,Knight's Hill,E09000022,Lambeth,13175,1984,973,1289,464,1737,6400,328
E05014107,Myatt's Fields,E09000022,Lambeth,9344,1504,698,794,287,1147,4684,230
E05014108,Oval,E09000022,Lambeth,10747,1526,602,743,268,1173,6165,270
E05014109,St Martin's,E09000022,Lambeth,8453,1268,633,786,327,1104,4099,236
E05014110,Stockwell East,E09000022,Lambeth,9067,1172,531,628,209,1014,5309,204
E05014111,Stockwell West & Larkhall,E09000022,Lambeth,13941,2235,963,1156,369,1796,6991,431
E05014112,Streatham Common & Vale,E09000022,Lambeth,14250,2397,1073,1308,568,1919,6548,437
E05014113,Streatham Hill East,E09000022,Lambeth,8550,1190,565,724,254,959,4646,212
E05014114,Streatham Hill West & Thornton,E09000022,Lambeth,8826,754,350,523,165,914,6004,116
E05014115,Streatham St Leonard's,E09000022,Lambeth,13318,1863,780,1012,405,1477,7400,381
E05014116,Streatham Wells,E09000022,Lambeth,8233,1067,450,674,242,992,4609,199
E05014117,Vauxhall,E09000022,Lambeth,8600,854,373,514,191,1133,5283,252
E05014118,Waterloo & South Bank,E09000022,Lambeth,8022,944,362,544,139,1377,4421,235
E05014119,West Dulwich,E09000022,Lambeth,9282,1011,461,728,236,982,5719,145
E05013714,Bellingham,E09000023,Lewisham,8961,1875,1008,1155,320,1266,3091,246
E05013715,Blackheath,E09000023,Lewisham,13450,1596,760,1095,327,1555,7858,259
E05013716,Brockley,E09000023,Lewisham,15099,1600,757,1100,301,2195,8833,313
E05013717,Catford South,E09000023,Lewisham,13756,2436,1126,1583,471,1948,5747,445
E05013718,Crofton Park,E09000023,Lewisham,12386,1400,740,1081,323,1391,7203,248
E05013719,Deptford,E09000023,Lewisham,13632,2056,956,1170,395,1858,6775,422
E05013720,Downham,E09000023,Lewisham,14451,3222,1541,1986,624,2006,4606,466
E05013721,Evelyn,E09000023,Lewisham,12417,1738,834,1100,354,1551,6499,341
E05013722,Forest Hill,E09000023,Lewisham,12119,1281,658,1049,316,1441,7129,245
E05013723,Grove Park,E09000023,Lewisham,12458,2266,1097,1433,474,1763,5067,358
E05013724,Hither Green,E09000023,Lewisham,16202,2695,1303,1715,520,2186,7376,407
E05013725,Ladywell,E09000023,Lewisham,12343,1526,786,1045,322,1599,6807,258
E05013726,Lee Green,E09000023,Lewisham,11839,1406,753,1106,321,1441,6525,287
E05013727,Lewisham Central,E09000023,Lewisham,7174,751,339,503,169,862,4359,191
E05013728,New Cross Gate,E09000023,Lewisham,8773,1508,740,948,282,1222,3856,217
E05013729,Perry Vale,E09000023,Lewisham,14541,1874,1025,1398,432,1840,7659,313
E05013730,Rushey Green,E09000023,Lewisham,15030,2395,1235,1370,536,1912,7088,494
E05013731,Sydenham,E09000023,Lewisham,13804,2064,1116,1420,402,1718,6763,321
E05013732,Telegraph Hill,E09000023,Lewisham,13924,1741,937,1170,384,1748,7591,353
E05013810,Abbey,E09000024,Merton,8386,805,388,600,181,873,5335,204
E05013811,Cannon Hill,E09000024,Merton,7972,1091,593,811,327,1146,3732,272
E05013812,Colliers Wood,E09000024,Merton,9858,1231,622,793,294,1203,5441,274
E05013813,Cricket Green,E09000024,Merton,9413,2065,979,1096,416,1252,3255,350
E05013814,Figge's Marsh,E09000024,Merton,8675,1808,857,1038,373,1231,3064,304
E05013815,Graveney,E09000024,Merton,9629,1636,788,835,411,1241,4310,408
E05013816,Hillside,E09000024,Merton,7143,513,237,433,110,636,5054,160
E05013817,Lavender Fields,E09000024,Merton,9358,1722,812,955,369,1274,3910,316
E05013818,Longthornton,E09000024,Merton,9404,1732,859,1013,419,1349,3685,347
E05013819,Lower Morden,E09000024,Merton,9291,1644,957,1231,456,1492,3206,305
E05013820,Merton Park,E09000024,Merton,6663,752,374,535,204,756,3842,200
E05013821,Pollards Hill,E09000024,Merton,9264,1854,973,1168,380,1393,3169,327
E05013822,Ravensbury,E09000024,Merton,7571,1521,754,883,320,1113,2702,278
E05013823,Raynes Park,E09000024,Merton,9756,893,500,758,241,1094,6010,260
E05013824,St Helier,E09000024,Merton,8837,1687,905,1032,402,1175,3307,329
E05013825,Village,E09000024,Merton,9433,697,334,745,126,959,6366,206
E05013826,Wandle,E09000024,Merton,5163,610,277,408,141,589,3009,129
E05013827,West Barnes,E09000024,Merton,8359,1046,521,853,265,1119,4316,239
E05013828,Wimbledon Park,E09000024,Merton,8600,653,335,678,158,962,5644,170
E05013829,Wimbledon Town & Dundonald,E09000024,Merton,9986,645,315,649,165,918,7062,232
E05013904,Beckton,E09000025,Newham,12144,2489,1031,1354,476,1688,4649,457
E05013905,Boleyn,E09000025,Newham,11843,2730,1124,1307,393,1526,4286,477
E05013906,Canning Town North,E09000025,Newham,8698,1750,757,889,287,1147,3534,334
E05013907,Canning Town South,E09000025,Newham,5865,978,376,495,143,650,3045,178
E05013908,Custom House,E09000025,Newham,13920,3200,1179,1550,547,1775,5141,528
E05013909,East Ham,E09000025,Newham,11511,2730,1224,1222,374,1476,3984,501
E05013910,East Ham South,E09000025,Newham,13331,3140,1378,1583,465,1867,4369,529
E05013911,Forest Gate North,E09000025,Newham,8591,1582,839,881,331,1103,3589,266
E05013912,Forest Gate South,E09000025,Newham,13798,3017,1260,1417,426,1756,5403,519
E05013913,Green Street East,E09000025,Newham,12594,3097,1391,1314,397,1524,4297,574
E05013914,Green Street West,E09000025,Newham,12319,3138,1268,1360,303,1491,4195,564
E05013915,Little Ilford,E09000025,Newham,13275,3237,1468,1608,389,1893,4136,544
E05013916,Manor Park,E09000025,Newham,11967,2983,1226,1296,376,1568,3949,569
E05013917,Maryland,E09000025,Newham,10488,2089,895,1121,366,1348,4281,388
E05013918,Plaistow North,E09000025,Newham,13635,3229,1352,1484,447,1777,4822,524
E05013919,Plaistow South,E09000025,Newham,10333,2460,997,1115,411,1309,3638,403
E05013920,Plaistow West & Canning Town East,E09000025,Newham,13265,3181,1372,1430,570,1743,4473,496
E05013921,Plashet,E09000025,Newham,9015,2329,884,920,214,1204,3097,367
E05013922,Royal Albert,E09000025,Newham,8048,1230,603,734,230,1232,3721,298
E05013923,Royal Victoria,E09000025,Newham,12349,877,452,720,219,1298,8469,314
E05013924,Stratford,E09000025,Newham,13532,1586,812,991,299,1682,7770,392
E05013925,Stratford Olympic Park,E09000025,Newham,10058,512,285,544,103,1373,7028,213
E05013926,Wall End,E09000025,Newham,12752,2894,1531,1383,404,1713,4296,531
E05013927,West Ham,E09000025,Newham,12866,2696,1224,1357,471,1630,4960,528
E05011234,Aldborough,E09000026,Redbridge,12209,2114,1118,1334,362,1635,5248,398
E05011235,Barkingside,E09000026,Redbridge,12069,1951,980,1335,306,1608,5503,386
E05011236,Bridge,E09000026,Redbridge,10776,1763,980,1300,458,1594,4341,340
E05011237,Chadwell,E09000026,Redbridge,12398,2199,1126,1494,390,1937,4832,420
E05011238,Churchfields,E09000026,Redbridge,12408,1652,889,1380,411,1748,5993,335
E05011239,Clayhall,E09000026,Redbridge,11209,1735,930,1275,298,1650,4944,377
E05011240,Clementswood,E09000026,Redbridge,10425,2502,1129,1148,317,1426,3393,510
E05011241,Cranbrook,E09000026,Redbridge,10622,1960,866,1115,231,1382,4727,341
E05011242,Fairlop,E09000026,Redbridge,11595,1980,1114,1410,458,1621,4573,439
E05011243,Fullwell,E09000026,Redbridge,12596,2321,1128,1578,447,1699,4941,482
E05011244,Goodmayes,E09000026,Redbridge,11629,2383,1147,1279,411,1582,4389,438
E05011245,Hainault,E09000026,Redbridge,12160,2491,1247,1489,485,1700,4331,417
E05011246,Ilford Town,E09000026,Redbridge,8753,1556,703,791,244,979,4114,366
E05011247,Loxford,E09000026,Redbridge,11074,2419,1011,1361,327,1457,3973,526
E05011248,Mayfield,E09000026,Redbridge,12111,2288,1253,1447,377,1870,4383,493
E05011249,Monkhams,E09000026,Redbridge,7818,998,540,959,259,1017,3836,209
E05011250,Newbury,E09000026,Redbridge,11158,1958,980,1273,276,1618,4589,464
E05011251,Seven Kings,E09000026,Redbridge,11558,2318,1061,1308,360,1609,4354,548
E05011252,South Woodford,E09000026,Redbridge,10159,1231,588,975,279,1327,5497,262
E05011253,Valentines,E09000026,Redbridge,12028,2191,1005,1281,305,1538,5217,491
E05011254,Wanstead Park,E09000026,Redbridge,6460,745,421,648,235,826,3424,161
E05011255,Wanstead Village,E09000026,Redbridge,10767,1211,672,981,304,1240,6081,278
E05013774,Barnes,E09000027,Richmond upon Thames,8488,674,327,752,164,963,5428,180
E05013775,East Sheen,E09000027,Richmond upon Thames,8149,471,277,684,116,902,5558,141
E05013776,Fulwell & Hampton Hill,E09000027,Richmond upon Thames,8474,708,388,766,235,1081,5172,124
E05013777,"Ham, Petersham & Richmond Riverside",E09000027,Richmond upon Thames,8379,1036,447,761,263,988,4665,219
E05013778,Hampton,E09000027,Richmond upon Thames,8073,801,483,829,217,1011,4571,161
E05013779,Hampton North,E09000027,Richmond upon Thames,8074,1152,649,958,305,1093,3702,215
E05013780,Hampton Wick & South Teddington,E09000027,Richmond upon Thames,8721,753,393,800,190,1010,5412,163
E05013781,Heathfield,E09000027,Richmond upon Thames,8231,1516,809,995,325,1137,3186,263
E05013782,Kew,E09000027,Richmond upon Thames,9569,642,310,695,140,952,6694,136
E05013783,Mortlake & Barnes Common,E09000027,Richmond upon Thames,9253,739,421,768,191,1016,5945,173
E05013784,North Richmond,E09000027,Richmond upon Thames,8621,661,379,672,197,851,5664,197
E05013785,St Margarets & North Twickenham,E09000027,Richmond upon Thames,9163,537,294,731,171,1039,6231,160
E05013786,South Richmond,E09000027,Richmond upon Thames,9103,602,339,615,114,871,6347,215
E05013787,South Twickenham,E09000027,Richmond upon Thames,8762,552,352,743,168,1464,5365,118
E05013788,Teddington,E09000027,Richmond upon Thames,8678,637,386,751,180,1021,5535,168
E05013789,Twickenham Riverside,E09000027,Richmond upon Thames,9171,548,301,677,154,1038,6293,160
E05013790,West Twickenham,E09000027,Richmond upon Thames,8525,899,568,902,267,1163,4548,178
E05013791,Whitton,E09000027,Richmond upon Thames,8383,1230,665,922,361,1210,3780,215
E05011095,Borough & Bankside,E09000028,Southwark,8464,795,346,501,178,1554,4842,248
E05011096,Camberwell Green,E09000028,Southwark,12733,2108,967,1102,395,1529,6290,342
E05011097,Champion Hill,E09000028,Southwark,7653,912,417,629,177,792,4549,177
E05011098,Chaucer,E09000028,Southwark,12807,1507,708,887,294,2155,6956,300
E05011099,Dulwich Hill,E09000028,Southwark,7818,779,341,555,174,955,4891,123
E05011100,Dulwich Village,E09000028,Southwark,7822,593,239,534,102,655,5624,75
E05011101,Dulwich Wood,E09000028,Southwark,8090,962,421,765,164,947,4675,156
E05011102,Faraday,E09000028,Southwark,10043,2010,845,939,360,1198,4422,269
E05011103,Goose Green,E09000028,Southwark,11230,1016,452,709,223,1018,7653,159
E05011104,London Bridge & West Bermondsey,E09000028,Southwark,12993,1437,676,804,282,1545,7984,265
E05011105,Newington,E09000028,Southwark,11549,1993,852,1115,331,1498,5425,335
E05011106,North Bermondsey,E09000028,Southwark,13318,1829,707,950,310,1387,7822,313
E05011107,North Walworth,E09000028,Southwark,13411,1892,765,971,398,1774,7290,321
E05011108,Nunhead & Queen's Road,E09000028,Southwark,12926,2178,899,1058,365,1630,6509,287
E05011109,Old Kent Road,E09000028,Southwark,14958,2861,1452,1561,500,1823,6294,467
E05011110,Peckham,E09000028,Southwark,12060,2189,975,1125,368,1648,5440,315
E05011111,Peckham Rye,E09000028,Southwark,7945,949,494,648,172,865,4659,158
E05011112,Rotherhithe,E09000028,Southwark,12998,1741,760,1005,319,1388,7444,341
E05011113,Rye Lane,E09000028,Southwark,11846,1666,724,924,290,1290,6715,237
E05011114,St George's,E09000028,Southwark,7121,773,363,482,115,1235,3970,183
E05011115,St Giles,E09000028,Southwark,13752,1811,852,1113,319,1812,7534,311
E05011116,South Bermondsey,E09000028,Southwark,13227,2408,1092,1151,448,1715,6048,365
E05011117,Surrey Docks,E09000028,Southwark,11397,1115,518,621,221,1132,7499,291
E05013754,Beddington,E09000029,Sutton,8772,1379,936,1233,401,1489,3119,215
E05013755,Belmont,E09000029,Sutton,9187,1167,781,1066,338,1284,4356,195
E05013756,Carshalton Central,E09000029,Sutton,9249,1070,734,1184,401,1426,4224,210
E05013757,Carshalton South & Clockhouse,E09000029,Sutton,7993,1049,669,1122,338,1259,3357,199
E05013758,Cheam,E09000029,Sutton,8839,1140,680,1101,392,1292,4040,194
E05013759,Hackbridge,E09000029,Sutton,5258,641,447,659,168,842,2347,154
E05013760,North Cheam,E09000029,Sutton,9210,1325,908,1291,486,1700,3252,248
E05013761,St Helier East,E09000029,Sutton,6454,1433,762,954,339,999,1760,207
E05013762,St Helier West,E09000029,Sutton,9541,2114,1140,1331,434,1461,2757,304
E05013763,South Beddington & Roundshaw,E09000029,Sutton,8557,1497,904,1156,386,1282,3093,239
E05013764,Stonecot,E09000029,Sutton,6263,1080,663,826,343,1086,2038,227
E05013765,Sutton Central,E09000029,Sutton,9616,1397,833,1112,389,1393,4173,319
E05013766,Sutton North,E09000029,Sutton,8880,1528,829,1153,411,1364,3311,284
E05013767,Sutton South,E09000029,Sutton,9794,1317,717,1003,403,1297,4754,303
E05013768,Sutton West & East Cheam,E09000029,Sutton,9089,1182,773,1115,367,1378,4010,264
E05013769,The Wrythe,E09000029,Sutton,8373,1396,898,1094,401,1400,2944,240
E05013770,Wallington North,E09000029,Sutton,9427,1340,848,1307,394,1510,3771,257
E05013771,Wallington South,E09000029,Sutton,8881,1362,822,1171,341,1438,3468,279
E05013772,Worcester Park North,E09000029,Sutton,6406,865,517,796,282,997,2779,170
E05013773,Worcester Park South,E09000029,Sutton,5822,834,479,753,275,973,2317,191
E05009317,Bethnal Green,E09000030,Tower Hamlets,17125,2871,1280,1464,387,2934,7655,534
E05009318,Blackwall & Cubitt Town,E09000030,Tower Hamlets,18494,1817,850,1172,374,2153,11599,529
E05009319,Bow East,E09000030,Tower Hamlets,16294,2434,946,1336,293,2039,8847,399
E05009320,Bow West,E09000030,Tower Hamlets,11322,1925,721,892,249,1358,5917,260
E05009321,Bromley North,E09000030,Tower Hamlets,9016,1737,751,903,242,1235,3890,258
E05009322,Bromley South,E09000030,Tower Hamlets,11101,1972,880,1164,248,1626,4907,304
E05009323,Canary Wharf,E09000030,Tower Hamlets,15202,1586,739,935,258,1534,9730,420
E05009324,Island Gardens,E09000030,Tower Hamlets,12173,1631,756,905,242,1577,6720,342
E05009325,Lansbury,E09000030,Tower Hamlets,16737,3284,1449,1741,447,2345,6925,546
E05009326,Limehouse,E09000030,Tower Hamlets,5910,684,297,358,77,630,3720,144
E05009327,Mile End,E09000030,Tower Hamlets,17198,3115,1335,1605,444,2338,7870,491
E05009328,Poplar,E09000030,Tower Hamlets,6008,1205,572,632,158,785,2437,219
E05009329,St Dunstan's,E09000030,Tower Hamlets,11275,2350,897,1150,266,1807,4437,368
E05009330,St Katharine's & Wapping,E09000030,Tower Hamlets,10564,917,429,622,133,1036,7204,223
E05009331,St Peter's,E09000030,Tower Hamlets,16534,3014,1189,1452,327,2143,7970,439
E05009332,Shadwell,E09000030,Tower Hamlets,10042,2305,913,1077,286,1342,3780,339
E05009333,Spitalfields & Banglatown,E09000030,Tower Hamlets,11264,1888,685,911,220,1410,5837,313
E05009334,Stepney Green,E09000030,Tower Hamlets,9786,2263,821,1022,258,1475,3654,293
E05009335,Weavers,E09000030,Tower Hamlets,11058,1825,726,889,225,1372,5754,267
E05009336,Whitechapel,E09000030,Tower Hamlets,15798,2147,922,1224,297,2217,8459,532
E05013882,Cann Hall,E09000031,Waltham Forest,12703,2456,1161,1340,483,1680,5104,479
E05013883,Cathall,E09000031,Waltham Forest,8696,1691,818,872,339,1078,3556,342
E05013884,Chapel End,E09000031,Waltham Forest,10863,1724,938,1147,320,1405,4971,358
E05013885,Chingford Green,E09000031,Waltham Forest,9500,1787,874,1201,489,1367,3490,292
E05013886,Endlebury,E09000031,Waltham Forest,7223,1345,660,989,336,1140,2518,235
E05013887,Forest,E09000031,Waltham Forest,12879,2454,1130,1391,388,1770,5333,413
E05013888,Grove Green,E09000031,Waltham Forest,12167,1947,929,1043,376,1378,6008,486
E05013889,Hale End & Highams Park South,E09000031,Waltham Forest,7353,1162,634,912,235,1112,3114,184
E05013890,Hatch Lane & Highams Park North,E09000031,Waltham Forest,10609,2109,1002,1344,469,1582,3832,271
E05013891,High Street,E09000031,Waltham Forest,8743,1438,681,722,242,997,4387,276
E05013892,Higham Hill,E09000031,Waltham Forest,10866,2191,973,1208,366,1406,4395,327
E05013893,Hoe Street,E09000031,Waltham Forest,11483,1929,899,997,297,1320,5644,397
E05013894,Larkswood,E09000031,Waltham Forest,10645,2308,956,1315,485,1510,3750,321
E05013895,Lea Bridge,E09000031,Waltham Forest,12156,2550,1049,1094,426,1540,5046,451
E05013896,Leyton,E09000031,Waltham Forest,11058,2097,1037,1175,346,1420,4581,402
E05013897,Leytonstone,E09000031,Waltham Forest,10260,1488,713,944,301,1199,5287,328
E05013898,Markhouse,E09000031,Waltham Forest,8137,1644,648,759,292,929,3583,282
E05013899,St James,E09000031,Waltham Forest,10092,1429,701,778,215,1268,5410,291
E05013900,Upper Walthamstow,E09000031,Waltham Forest,6525,1054,500,713,208,866,2987,197
E05013901,Valley,E09000031,Waltham Forest,11347,2526,1185,1469,529,1664,3571,403
E05013902,William Morris,E09000031,Waltham Forest,11612,1948,841,968,324,1337,5856,338
E05013903,Wood Street,E09000031,Waltham Forest,7283,1254,549,702,213,837,3505,223
E05014009,Balham,E09000032,Wandsworth,14879,1013,412,786,181,1360,10900,227
E05014010,Battersea Park,E09000032,Wandsworth,15977,1926,952,1253,402,1862,9107,475
E05014011,East Putney,E09000032,Wandsworth,14650,1134,579,887,258,1424,10071,297
E05014012,Falconbrook,E09000032,Wandsworth,9996,1415,715,846,254,1236,5224,306
E05014013,Furzedown,E09000032,Wandsworth,14326,2027,924,1234,478,1979,7270,414
E05014014,Lavender,E09000032,Wandsworth,10908,579,287,492,115,1037,8217,181
E05014015,Nine Elms,E09000032,Wandsworth,4777,272,131,225,56,475,3489,129
E05014016,Northcote,E09000032,Wandsworth,10014,541,280,599,101,926,7433,134
E05014017,Roehampton,E09000032,Wandsworth,15163,2561,1143,1535,533,2720,6096,575
E05014018,St Mary's,E09000032,Wandsworth,12409,959,477,747,204,1335,8393,294
E05014019,Shaftesbury & Queenstown,E09000032,Wandsworth,13456,1821,747,987,327,1602,7632,340
E05014020,South Balham,E09000032,Wandsworth,8722,677,337,499,134,819,6117,139
E05014021,Southfields,E09000032,Wandsworth,10049,647,358,627,178,1018,7022,199
E05014022,Thamesfield,E09000032,Wandsworth,13815,827,362,776,179,1301,10135,235
E05014023,Tooting Bec,E09000032,Wandsworth,14361,1667,787,972,250,1543,8759,383
E05014024,Tooting Broadway,E09000032,Wandsworth,14730,1812,823,1006,366,1846,8462,415
E05014025,Trinity,E09000032,Wandsworth,9392,636,332,541,151,930,6665,137
E05014026,Wandle,E09000032,Wandsworth,9013,836,423,659,171,1024,5720,180
E05014027,Wandsworth Common,E09000032,Wandsworth,13752,1236,545,976,266,1782,8642,305
E05014028,Wandsworth Town,E09000032,Wandsworth,15547,1308,629,985,258,1651,10379,337
E05014029,West Hill,E09000032,Wandsworth,13601,1741,826,1170,389,1658,7317,500
E05014030,West Putney,E09000032,Wandsworth,14016,1563,683,1106,327,1687,8270,380
E05013792,Abbey Road,E09000033,Westminster,10989,1226,403,638,162,1151,7109,300
E05013793,Bayswater,E09000033,Westminster,10767,883,371,580,170,1156,7329,278
E05013794,Church Street,E09000033,Westminster,9704,2448,782,914,258,1393,3588,321
E05013795,Harrow Road,E09000033,Westminster,9512,1543,645,851,254,1226,4717,276
E05013796,Hyde Park,E09000033,Westminster,8966,912,307,433,240,1363,5413,298
E05013797,Knightsbridge & Belgravia,E09000033,Westminster,9796,934,391,653,219,1726,5478,395
E05013798,Lancaster Gate,E09000033,Westminster,10178,927,349,496,144,1141,6738,383
E05013799,Little Venice,E09000033,Westminster,8868,1072,386,540,169,1008,5390,303
E05013800,Maida Vale,E09000033,Westminster,9833,1214,561,750,184,1065,5792,267
E05013801,Marylebone,E09000033,Westminster,11130,857,284,523,161,1183,7811,311
E05013802,Pimlico North,E09000033,Westminster,9266,1202,397,544,210,961,5721,231
E05013803,Pimlico South,E09000033,Westminster,9043,1456,588,778,256,1117,4590,258
E05013804,Queen's Park,E09000033,Westminster,10519,2122,835,1093,250,1518,4349,352
E05013805,Regent's Park,E09000033,Westminster,10361,1032,352,558,146,1054,6858,361
E05013806,St James's,E09000033,Westminster,9129,945,395,657,235,1162,5415,320
E05013807,Vincent Square,E09000033,Westminster,9279,988,505,687,186,1143,5471,299
E05013808,West End,E09000033,Westminster,10361,1026,448,557,230,1358,6352,390
E05013809,Westbourne,E09000033,Westminster,9800,2091,610,936,292,1299,4256,316
